Workbook
Name _MinPctMsvInRoi: #REF!
Name _MinPctMsvOutROI: #REF!
Name _MinTripsInROI: #REF!
Name _MinTripsOutROI: #REF!
Name _MsvPct: #REF!
Name _ScoFylYr_1: #REF!
Name _ScoFylYr_2: #REF!
Name _ScoFylYr_3: #REF!
Name _ScoFylYr_4: #REF!

Sheet Sheet1
A1: Table 1
A2: Hernando County Concurrency Management System
A3: Tier I Test: To Determine Concurrency or Need for Additional Analysis
A4: Version: 11/19/2022, Valid 12/01/2022 to 12/01/2024, unless superseded
AY12: Y
A13: Notes: | AY13: N
A14: 1) In the Lanes/Type columns, "0" indicates that the segment does not exist in existing or future years.
A17: General Information | F17: Lanes/Type | I17: Hurricane Evacuation Route | J17: Strategic Intermodal System | K17: Growth | N17: AADT (Daily Volumes) | R17: K Factor | S17: Segment Peak Hour Two Way Volumes | W17: Net New External Project Traffic | X17: Total External Project Traffic | Y17: Facility Level of Service (LOS) | AE17: Facility Maximum Service Volume (MSV) Peak Hour Two Way | AM17: Conceptual Analysis Required (V:MSV > 90%) Base Traffic + 3 or 5 Year Growth + Project Traffic | AY17: Witihin Radius of Influence | AZ17: On Study Network | BA17: Trips Added as Percent of MSV | BB17: Seg Fails Yr 0 Status | BC17: Fac. Fails Yr 0 Status | BD17: Seg Fails Yr 2 Status | BE17: Fac. Fails Yr 2 Status | BF17: Seg Fails Yr 3 Status | BG17: Fac Fails Yr 3 Status | BH17: Seg Fails Yr 4 Status | BI17: Fac Fails Yr 4 Status | BJ17: % Distribution | BK17: Working Fields
A18: Segment ID | B18: =IF(_ScoFylYr_4>0,"Facility ID ("& _ScoFylYr_4 & ")", "") -> #REF! | C18: On Street | D18: From Street | E18: To Street | F18: Existing Number of Lanes and Type | G18: =IF(#REF! >0,#REF! & " RT and Type","") -> #NAME? | H18: Programmed Improvements | K18: Base Year Volume | L18: Base Year of Count | M18: Annual Growth Rate | N18: AADT (2020) | O18: AADT (2023) | P18: AADT (2025) | Q18: =IF(_ScoFylYr_4 > 0, "AADT (" & _ScoFylYr_4 & ")","") -> #REF! | S18: 2020 | T18: 2023 | U18: 2025 | V18: =IF(_ScoFylYr_4>0,_ScoFylYr_4,"") -> #REF! | Y18: LOS Method | Z18: LOS Standard | AA18: =IF(_ScoFylYr_1>0, "LOS (" & _ScoFylYr_1 &")","") -> #REF! | AB18: =IF(_ScoFylYr_2>0, "LOS (" & _ScoFylYr_2 &")","") -> #REF! | AC18: =IF(_ScoFylYr_3>0, "LOS (" & _ScoFylYr_3 &")","") -> #REF! | AD18: =IF(_ScoFylYr_4>0, "LOS (" & _ScoFylYr_4 &")","") -> #REF! | AE18: MSV 2020 | AF18: =IF(AE18<>"", _MsvPct * 100 & "% of "& AE18,"") -> #REF! | AG18: MSV (2023) | AH18: =IF(AG18<>"",_MsvPct * 100 & "% of "& AG18,"") -> #REF! | AI18: MSV (2025) | AJ18: =IF(AI18<>"",_MsvPct * 100 & "% of "& AI18,"") -> #REF! | AK18: =IF(_ScoFylYr_4>0, "MSV (" & _ScoFylYr_4 & ")","") -> #REF! | AL18: =IF(AK18<>"",_MsvPct * 100 & "% of "& AK18,"") -> #REF! | AM18: 2020 Volume Total | AN18: 2020 V/MSV Ratio | AO18: 2020 Status | AP18: 2023 Volume Total | AQ18: 2023 V/MSV Ratio | AR18: 2023 Status | AS18: 2025 Volume Total | AT18: 2025 V/MSV Ratio | AU18: 2025 Status | AV18: =IF(_ScoFylYr_4>0, _ScoFylYr_4 &" Volume Total","") -> #REF! | AW18: =IF(_ScoFylYr_4>0, _ScoFylYr_4 &" V/MSV Ratio","") -> #REF! | AX18: =IF(_ScoFylYr_4>0, _ScoFylYr_4 &" Status","") -> #REF! | BK18: 1 | BL18: =BK18+1 -> 2 | BM18: =BL18+1 -> 3 | BN18: =BM18+1 -> 4 | BO18: =BN18+1 -> 5 | BP18: =BO18+1 -> 6 | BQ18: =BP18+1 -> 7 | BR18: =BQ18+1 -> 8 | BS18: =BR18+1 -> 9 | ... CD18: =CC18+1 -> 20
A19: A | B19: B4 | C19: C | D19: D | E19: E | F19: F | H19: G | I19: H | J19: I | K19: K | L19: L | M19: M | N19: J | O19: K | P19: L | Q19: Q | R19: M | S19: N | T19: O | U19: P | V19: V | W19: W1 | X19: W2 | Y19: Q | Z19: R | AE19: S | AG19: T | AI19: U | AK19: AC | AM19: AA | AN19: AB | AO19: AC | AP19: AD | AQ19: AE | AR19: AF | AS19: AG | AT19: AH | AU19: AI | AV19: AM | AW19: AN | AX19: AO | AY19: W3 | AZ19: W4 | BA19: AR | BJ19: W5
A20: 10810 | C20: TREIMAN BLVD (US301/SR35) | D20: PASCO COUNTY LINE | E20: CORTEZ BLVD (SR50) | F20: 2U | H20: 2U | I20: Y | J20: N | N20: 6936 | O20: 7023 | P20: 7287 | R20: 0.09 | S20: 624 | T20: 632 | U20: 656 | V20: =ROUND(R20*Q20,0) -> 0 | Y20: GEN. TABLES | Z20: ='[1]Tier 1'!V20 -> C | AE20: ='[1]Tier 1'!W20 -> 1490 | AG20: ='[1]Tier 1'!X20 -> 1490 | AI20: ='[1]Tier 1'!Y20 -> 4020 | AJ20: =AI20 * 0.9 -> 3618 | AK20: =VLOOKUP(A20,#REF!,-1,FALSE) -> #REF! | AL20: =AK20 * 0.9 -> #REF! | AM20: =S20+W20 -> 624 | AN20: =IF(AE20>0, ROUND(AM20/AE20,3),0) -> 0.419 | AO20: =IF($W20>0,IF(AN20>0.8999,"Study 1", "OK"),"OK") -> OK | AP20: =T20+W20 -> 632 | AQ20: =IF(AG20>0, ROUND(AP20/AG20,3),0) -> 0.424 | AR20: =IF($W20>0,IF(AQ20>0.8999,"Study 1", "OK"),"OK") -> OK | AS20: =U20+W20 -> 656 | AT20: =IF(AI20>0, ROUND(AS20/AI20,3),0) -> 0.163 | AU20: =IF($W20>0,IF(AT20>0.8999,"Study 1", "OK"),"OK") -> OK | AV20: =V20+W20 -> 0 | AW20: =IF(AK20>0, ROUND(AV20/AK20,3),0) -> #REF! | AX20: =IF(AND(V20=0, AV20>0), "DATA1", IF(OR(AV20>AL20,BI20>0), IF(Y20="CONC. (ART-PLAN)", "STUDY 1", "STUDY 2"), "OK")) -> #REF! | BA20: =IF(AG20>0, X20/AG20, 0) -> 0 | BB20: =IF(AM20>AF20,1,0) -> 1 | BC20: =SUMIF(#REF!,#REF!, BB20:BB333) -> #REF! | BD20: =IF(AP20>AH20,1,0) -> 1 | BE20: =SUMIF(#REF!,#REF!, BD20:BD333) -> #REF! | BF20: =IF(AS20>AJ20,1,0) -> 0 | BG20: =SUMIF(#REF!,#REF!, BF20:BF333) -> #REF! | BH20: =IF(AV20>AL20,1,0) -> #REF! | BI20: =SUMIF(B20:B333, B20, BH20:BH333) -> 0
A21: 10820 | C21: TREIMAN BLVD (US301/SR35) | D21: CORTEZ BLVD (SR50) | E21: RIDGE MANOR BLVD | F21: 2U | H21: 2U | I21: Y | J21: N | N21: 7752 | O21: 8199 | P21: 8669 | R21: 0.09 | S21: 698 | T21: 738 | U21: 780 | V21: =ROUND(R21*Q21,0) -> 0 | Y21: GEN. TABLES | Z21: ='[1]Tier 1'!V21 -> C | AE21: ='[1]Tier 1'!W21 -> 820 | AG21: ='[1]Tier 1'!X21 -> 820 | AI21: ='[1]Tier 1'!Y21 -> 820 | AJ21: =AI21 * 0.9 -> 738 | AK21: =VLOOKUP(A21,#REF!,-1,FALSE) -> #REF! | AL21: =AK21 * 0.9 -> #REF! | AM21: =S21+W21 -> 698 | AN21: =IF(AE21>0, ROUND(AM21/AE21,3),0) -> 0.851 | AO21: =IF($W21>0,IF(AN21>0.8999,"Study 1", "OK"),"OK") -> OK | AP21: =T21+W21 -> 738 | AQ21: =IF(AG21>0, ROUND(AP21/AG21,3),0) -> 0.9 | AR21: =IF($W21>0,IF(AQ21>0.8999,"Study 1", "OK"),"OK") -> OK | AS21: =U21+W21 -> 780 | AT21: =IF(AI21>0, ROUND(AS21/AI21,3),0) -> 0.951 | AU21: =IF($W21>0,IF(AT21>0.8999,"Study 1", "OK"),"OK") -> OK | AV21: =V21+W21 -> 0 | AW21: =IF(AK21>0, ROUND(AV21/AK21,3),0) -> #REF! | AX21: =IF(AND(V21=0, AV21>0), "DATA1", IF(OR(AV21>AL21,BI21>0), IF(Y21="CONC. (ART-PLAN)", "STUDY 1", "STUDY 2"), "OK")) -> #REF! | BA21: =IF(AG21>0, X21/AG21, 0) -> 0 | BB21: =IF(AM21>AF21,1,0) -> 1 | BC21: =SUMIF(#REF!,#REF!, BB20:BB333) -> #REF! | BD21: =IF(AP21>AH21,1,0) -> 1 | BE21: =SUMIF(#REF!,#REF!, BD20:BD333) -> #REF! | BF21: =IF(AS21>AJ21,1,0) -> 1 | BG21: =SUMIF(#REF!,#REF!, BF20:BF333) -> #REF! | BH21: =IF(AV21>AL21,1,0) -> #REF! | BI21: =SUMIF(B20:B333, B21, BH20:BH333) -> 0
A22: 10830 | C22: TREIMAN BLVD (US301/SR35) | D22: RIDGE MANOR BLVD | E22: SUMTER COUNTY LINE | F22: 2U | H22: 4D | I22: Y | J22: N | N22: 4896 | O22: 5063 | P22: 5327 | R22: 0.09 | S22: 441 | T22: 456 | U22: 479 | V22: =ROUND(R22*Q22,0) -> 0 | Y22: GEN. TABLES | Z22: ='[1]Tier 1'!V22 -> C | AE22: ='[1]Tier 1'!W22 -> 1490 | AG22: ='[1]Tier 1'!X22 -> 1490 | AI22: ='[1]Tier 1'!Y22 -> 1490 | AJ22: =AI22 * 0.9 -> 1341 | AK22: =VLOOKUP(A22,#REF!,-1,FALSE) -> #REF! | AL22: =AK22 * 0.9 -> #REF! | AM22: =S22+W22 -> 441 | AN22: =IF(AE22>0, ROUND(AM22/AE22,3),0) -> 0.296 | AO22: =IF($W22>0,IF(AN22>0.8999,"Study 1", "OK"),"OK") -> OK | AP22: =T22+W22 -> 456 | AQ22: =IF(AG22>0, ROUND(AP22/AG22,3),0) -> 0.306 | AR22: =IF($W22>0,IF(AQ22>0.8999,"Study 1", "OK"),"OK") -> OK | AS22: =U22+W22 -> 479 | AT22: =IF(AI22>0, ROUND(AS22/AI22,3),0) -> 0.321 | AU22: =IF($W22>0,IF(AT22>0.8999,"Study 1", "OK"),"OK") -> OK | AV22: =V22+W22 -> 0 | AW22: =IF(AK22>0, ROUND(AV22/AK22,3),0) -> #REF! | AX22: =IF(AND(V22=0, AV22>0), "DATA1", IF(OR(AV22>AL22,BI22>0), IF(Y22="CONC. (ART-PLAN)", "STUDY 1", "STUDY 2"), "OK")) -> #REF! | BA22: =IF(AG22>0, X22/AG22, 0) -> 0 | BB22: =IF(AM22>AF22,1,0) -> 1 | BC22: =SUMIF(#REF!,#REF!, BB20:BB333) -> #REF! | BD22: =IF(AP22>AH22,1,0) -> 1 | BE22: =SUMIF(#REF!,#REF!, BD20:BD333) -> #REF! | BF22: =IF(AS22>AJ22,1,0) -> 0 | BG22: =SUMIF(#REF!,#REF!, BF20:BF333) -> #REF! | BH22: =IF(AV22>AL22,1,0) -> #REF! | BI22: =SUMIF(B20:B333, B22, BH20:BH333) -> 0
A23: 10060 | C23: BROAD ST (US41/SR45) | D23: COUNTY LINE RD | E23: AYERS RD | F23: 2U | H23: 4D | I23: Y | J23: N | N23: 15120 | O23: 16527 | P23: 17465 | R23: 0.09 | S23: 1361 | T23: 1487 | U23: 1572 | V23: =ROUND(R23*Q23,0) -> 0 | Y23: GEN. TABLES | Z23: ='[1]Tier 1'!V23 -> C | AE23: ='[1]Tier 1'!W23 -> 1510 | AG23: ='[1]Tier 1'!X23 -> 1510 | AI23: ='[1]Tier 1'!Y23 -> 1510 | AJ23: =AI23 * 0.9 -> 1359 | AK23: =VLOOKUP(A23,#REF!,-1,FALSE) -> #REF! | AL23: =AK23 * 0.9 -> #REF! | AM23: =S23+W23 -> 1361 | AN23: =IF(AE23>0, ROUND(AM23/AE23,3),0) -> 0.901 | AO23: =IF($W23>0,IF(AN23>0.8999,"Study 1", "OK"),"OK") -> OK | AP23: =T23+W23 -> 1487 | AQ23: =IF(AG23>0, ROUND(AP23/AG23,3),0) -> 0.985 | AR23: =IF($W23>0,IF(AQ23>0.8999,"Study 1", "OK"),"OK") -> OK | AS23: =U23+W23 -> 1572 | AT23: =IF(AI23>0, ROUND(AS23/AI23,3),0) -> 1.041 | AU23: =IF($W23>0,IF(AT23>0.8999,"Study 1", "OK"),"OK") -> OK | AV23: =V23+W23 -> 0 | AW23: =IF(AK23>0, ROUND(AV23/AK23,3),0) -> #REF! | AX23: =IF(AND(V23=0, AV23>0), "DATA1", IF(OR(AV23>AL23,BI23>0), IF(Y23="CONC. (ART-PLAN)", "STUDY 1", "STUDY 2"), "OK")) -> #REF! | BA23: =IF(AG23>0, X23/AG23, 0) -> 0 | BB23: =IF(AM23>AF23,1,0) -> 1 | BC23: =SUMIF(#REF!,#REF!, BB20:BB333) -> #REF! | BD23: =IF(AP23>AH23,1,0) -> 1 | BE23: =SUMIF(#REF!,#REF!, BD20:BD333) -> #REF! | BF23: =IF(AS23>AJ23,1,0) -> 1 | BG23: =SUMIF(#REF!,#REF!, BF20:BF333) -> #REF! | BH23: =IF(AV23>AL23,1,0) -> #REF! | BI23: =SUMIF(B20:B333, B23, BH20:BH333) -> 0
A24: 10070.1 | C24: BROAD ST (US41/SR45) | D24: AYERS RD | E24: SGT LEA MILLS BLVD | F24: 4D | H24: 4D | I24: Y | J24: N | N24: 15360 | O24: 16484 | P24: 17233 | R24: 0.09 | S24: 1382 | T24: 1484 | U24: 1551 | V24: =ROUND(R24*Q24,0) -> 0 | Y24: GEN. TABLES | Z24: ='[1]Tier 1'!V24 -> C | AE24: ='[1]Tier 1'!W24 -> 3420 | AG24: ='[1]Tier 1'!X24 -> 3420 | AI24: ='[1]Tier 1'!Y24 -> 3420 | AJ24: =AI24 * 0.9 -> 3078 | AK24: =VLOOKUP(A24,#REF!,-1,FALSE) -> #REF! | AL24: =AK24 * 0.9 -> #REF! | AM24: =S24+W24 -> 1382 | AN24: =IF(AE24>0, ROUND(AM24/AE24,3),0) -> 0.404 | AO24: =IF($W24>0,IF(AN24>0.8999,"Study 1", "OK"),"OK") -> OK | AP24: =T24+W24 -> 1484 | AQ24: =IF(AG24>0, ROUND(AP24/AG24,3),0) -> 0.434 | AR24: =IF($W24>0,IF(AQ24>0.8999,"Study 1", "OK"),"OK") -> OK | AS24: =U24+W24 -> 1551 | AT24: =IF(AI24>0, ROUND(AS24/AI24,3),0) -> 0.454 | AU24: =IF($W24>0,IF(AT24>0.8999,"Study 1", "OK"),"OK") -> OK | AV24: =V24+W24 -> 0 | AW24: =IF(AK24>0, ROUND(AV24/AK24,3),0) -> #REF! | AX24: =IF(AND(V24=0, AV24>0), "DATA1", IF(OR(AV24>AL24,BI24>0), IF(Y24="CONC. (ART-PLAN)", "STUDY 1", "STUDY 2"), "OK")) -> #REF! | BA24: =IF(AG24>0, X24/AG24, 0) -> 0 | BB24: =IF(AM24>AF24,1,0) -> 1 | BC24: =SUMIF(#REF!,#REF!, BB20:BB333) -> #REF! | BD24: =IF(AP24>AH24,1,0) -> 1 | BE24: =SUMIF(#REF!,#REF!, BD20:BD333) -> #REF! | BF24: =IF(AS24>AJ24,1,0) -> 0 | BG24: =SUMIF(#REF!,#REF!, BF20:BF333) -> #REF! | BH24: =IF(AV24>AL24,1,0) -> #REF! | BI24: =SUMIF(B20:B333, B24, BH20:BH333) -> 0
A25: 10070.2 | C25: BROAD ST (US41/SR45) | D25: SGT LEA MILLS BLVD | E25: SPRING HILL DR | F25: 4D | H25: 6D | I25: Y | J25: N | N25: 15360 | O25: 16484 | P25: 17233 | R25: 0.09 | S25: 1382 | T25: 1484 | U25: 1551 | V25: =ROUND(R25*Q25,0) -> 0 | Y25: GEN. TABLES | Z25: ='[1]Tier 1'!V25 -> C | AE25: ='[1]Tier 1'!W25 -> 3420 | AG25: ='[1]Tier 1'!X25 -> 3420 | AI25: ='[1]Tier 1'!Y25 -> 3420 | AJ25: =AI25 * 0.9 -> 3078 | AK25: =VLOOKUP(A25,#REF!,-1,FALSE) -> #REF! | AL25: =AK25 * 0.9 -> #REF! | AM25: =S25+W25 -> 1382 | AN25: =IF(AE25>0, ROUND(AM25/AE25,3),0) -> 0.404 | AO25: =IF($W25>0,IF(AN25>0.8999,"Study 1", "OK"),"OK") -> OK | AP25: =T25+W25 -> 1484 | AQ25: =IF(AG25>0, ROUND(AP25/AG25,3),0) -> 0.434 | AR25: =IF($W25>0,IF(AQ25>0.8999,"Study 1", "OK"),"OK") -> OK | AS25: =U25+W25 -> 1551 | AT25: =IF(AI25>0, ROUND(AS25/AI25,3),0) -> 0.454 | AU25: =IF($W25>0,IF(AT25>0.8999,"Study 1", "OK"),"OK") -> OK | AV25: =V25+W25 -> 0 | AW25: =IF(AK25>0, ROUND(AV25/AK25,3),0) -> #REF! | AX25: =IF(AND(V25=0, AV25>0), "DATA1", IF(OR(AV25>AL25,BI25>0), IF(Y25="CONC. (ART-PLAN)", "STUDY 1", "STUDY 2"), "OK")) -> #REF! | BA25: =IF(AG25>0, X25/AG25, 0) -> 0 | BB25: =IF(AM25>AF25,1,0) -> 1 | BC25: =SUMIF(#REF!,#REF!, BB20:BB333) -> #REF! | BD25: =IF(AP25>AH25,1,0) -> 1 | BE25: =SUMIF(#REF!,#REF!, BD20:BD333) -> #REF! | BF25: =IF(AS25>AJ25,1,0) -> 0 | BG25: =SUMIF(#REF!,#REF!, BF20:BF333) -> #REF! | BH25: =IF(AV25>AL25,1,0) -> #REF! | BI25: =SUMIF(B20:B333, B25, BH20:BH333) -> 0
A26: 10080 | C26: BROAD ST (US41/SR45) | D26: SPRING HILL DR | E26: POWELL RD | F26: 4D | H26: 6D | I26: Y | J26: N | N26: 22093 | O26: 24130 | P26: 25487 | R26: 0.09 | S26: 1988 | T26: 2172 | U26: 2294 | V26: =ROUND(R26*Q26,0) -> 0 | Y26: GEN. TABLES | Z26: ='[1]Tier 1'!V26 -> C | AE26: ='[1]Tier 1'!W26 -> 3420 | AG26: ='[1]Tier 1'!X26 -> 3420 | AI26: ='[1]Tier 1'!Y26 -> 3420 | AJ26: =AI26 * 0.9 -> 3078 | AK26: =VLOOKUP(A26,#REF!,-1,FALSE) -> #REF! | AL26: =AK26 * 0.9 -> #REF! | AM26: =S26+W26 -> 1988 | AN26: =IF(AE26>0, ROUND(AM26/AE26,3),0) -> 0.581 | AO26: =IF($W26>0,IF(AN26>0.8999,"Study 1", "OK"),"OK") -> OK | AP26: =T26+W26 -> 2172 | AQ26: =IF(AG26>0, ROUND(AP26/AG26,3),0) -> 0.635 | AR26: =IF($W26>0,IF(AQ26>0.8999,"Study 1", "OK"),"OK") -> OK | AS26: =U26+W26 -> 2294 | AT26: =IF(AI26>0, ROUND(AS26/AI26,3),0) -> 0.671 | AU26: =IF($W26>0,IF(AT26>0.8999,"Study 1", "OK"),"OK") -> OK | AV26: =V26+W26 -> 0 | AW26: =IF(AK26>0, ROUND(AV26/AK26,3),0) -> #REF! | AX26: =IF(AND(V26=0, AV26>0), "DATA1", IF(OR(AV26>AL26,BI26>0), IF(Y26="CONC. (ART-PLAN)", "STUDY 1", "STUDY 2"), "OK")) -> #REF! | BA26: =IF(AG26>0, X26/AG26, 0) -> 0 | BB26: =IF(AM26>AF26,1,0) -> 1 | BC26: =SUMIF(#REF!,#REF!, BB20:BB333) -> #REF! | BD26: =IF(AP26>AH26,1,0) -> 1 | BE26: =SUMIF(#REF!,#REF!, BD20:BD333) -> #REF! | BF26: =IF(AS26>AJ26,1,0) -> 0 | BG26: =SUMIF(#REF!,#REF!, BF20:BF333) -> #REF! | BH26: =IF(AV26>AL26,1,0) -> #REF! | BI26: =SUMIF(B20:B333, B26, BH20:BH333) -> 0
A27: 10090 | C27: BROAD ST (US41/SR45) | D27: POWELL RD | E27: PINE CABIN RD | F27: 6D | H27: 6D | I27: Y | J27: N | N27: 25073 | O27: 26772 | P27: 27904 | R27: 0.09 | S27: 2257 | T27: 2409 | U27: 2511 | V27: =ROUND(R27*Q27,0) -> 0 | Y27: GEN. TABLES | Z27: ='[1]Tier 1'!V27 -> C | AE27: ='[1]Tier 1'!W27 -> 5250 | AG27: ='[1]Tier 1'!X27 -> 5250 | AI27: ='[1]Tier 1'!Y27 -> 5250 | AJ27: =AI27 * 0.9 -> 4725 | AK27: =VLOOKUP(A27,#REF!,-1,FALSE) -> #REF! | AL27: =AK27 * 0.9 -> #REF! | AM27: =S27+W27 -> 2257 | AN27: =IF(AE27>0, ROUND(AM27/AE27,3),0) -> 0.43 | AO27: =IF($W27>0,IF(AN27>0.8999,"Study 1", "OK"),"OK") -> OK | AP27: =T27+W27 -> 2409 | AQ27: =IF(AG27>0, ROUND(AP27/AG27,3),0) -> 0.459 | AR27: =IF($W27>0,IF(AQ27>0.8999,"Study 1", "OK"),"OK") -> OK | AS27: =U27+W27 -> 2511 | AT27: =IF(AI27>0, ROUND(AS27/AI27,3),0) -> 0.478 | AU27: =IF($W27>0,IF(AT27>0.8999,"Study 1", "OK"),"OK") -> OK | AV27: =V27+W27 -> 0 | AW27: =IF(AK27>0, ROUND(AV27/AK27,3),0) -> #REF! | AX27: =IF(AND(V27=0, AV27>0), "DATA1", IF(OR(AV27>AL27,BI27>0), IF(Y27="CONC. (ART-PLAN)", "STUDY 1", "STUDY 2"), "OK")) -> #REF! | BA27: =IF(AG27>0, X27/AG27, 0) -> 0 | BB27: =IF(AM27>AF27,1,0) -> 1 | BC27: =SUMIF(#REF!,#REF!, BB20:BB333) -> #REF! | BD27: =IF(AP27>AH27,1,0) -> 1 | BE27: =SUMIF(#REF!,#REF!, BD20:BD333) -> #REF! | BF27: =IF(AS27>AJ27,1,0) -> 0 | BG27: =SUMIF(#REF!,#REF!, BF20:BF333) -> #REF! | BH27: =IF(AV27>AL27,1,0) -> #REF! | BI27: =SUMIF(B20:B333, B27, BH20:BH333) -> 0
A28: 10100 | C28: BROAD ST (US41/SR45) | D28: PINE CABIN RD | E28: HENNES COVE | F28: 6D | H28: 6D | I28: Y | J28: N | N28: 25073 | O28: 26772 | P28: 27904 | R28: 0.09 | S28: 2257 | T28: 2409 | U28: 2511 | V28: =ROUND(R28*Q28,0) -> 0 | Y28: GEN. TABLES | Z28: ='[1]Tier 1'!V28 -> C | AE28: ='[1]Tier 1'!W28 -> 5250 | AG28: ='[1]Tier 1'!X28 -> 5250 | AI28: ='[1]Tier 1'!Y28 -> 5250 | AJ28: =AI28 * 0.9 -> 4725 | AK28: =VLOOKUP(A28,#REF!,-1,FALSE) -> #REF! | AL28: =AK28 * 0.9 -> #REF! | AM28: =S28+W28 -> 2257 | AN28: =IF(AE28>0, ROUND(AM28/AE28,3),0) -> 0.43 | AO28: =IF($W28>0,IF(AN28>0.8999,"Study 1", "OK"),"OK") -> OK | AP28: =T28+W28 -> 2409 | AQ28: =IF(AG28>0, ROUND(AP28/AG28,3),0) -> 0.459 | AR28: =IF($W28>0,IF(AQ28>0.8999,"Study 1", "OK"),"OK") -> OK | AS28: =U28+W28 -> 2511 | AT28: =IF(AI28>0, ROUND(AS28/AI28,3),0) -> 0.478 | AU28: =IF($W28>0,IF(AT28>0.8999,"Study 1", "OK"),"OK") -> OK | AV28: =V28+W28 -> 0 | AW28: =IF(AK28>0, ROUND(AV28/AK28,3),0) -> #REF! | AX28: =IF(AND(V28=0, AV28>0), "DATA1", IF(OR(AV28>AL28,BI28>0), IF(Y28="CONC. (ART-PLAN)", "STUDY 1", "STUDY 2"), "OK")) -> #REF! | BA28: =IF(AG28>0, X28/AG28, 0) -> 0 | BB28: =IF(AM28>AF28,1,0) -> 1 | BC28: =SUMIF(#REF!,#REF!, BB20:BB333) -> #REF! | BD28: =IF(AP28>AH28,1,0) -> 1 | BE28: =SUMIF(#REF!,#REF!, BD20:BD333) -> #REF! | BF28: =IF(AS28>AJ28,1,0) -> 0 | BG28: =SUMIF(#REF!,#REF!, BF20:BF333) -> #REF! | BH28: =IF(AV28>AL28,1,0) -> #REF! | BI28: =SUMIF(B20:B333, B28, BH20:BH333) -> 0
A29: 10110.1 | C29: BROAD ST (US41/SR45) | D29: HENNES COVE | E29: JOHN MARTIN LN | F29: 6D | H29: 6D | I29: Y | J29: N | N29: 25073 | O29: 26772 | P29: 27904 | R29: 0.09 | S29: 2257 | T29: 2409 | U29: 2511 | V29: =ROUND(R29*Q29,0) -> 0 | Y29: GEN. TABLES | Z29: ='[1]Tier 1'!V29 -> C | AE29: ='[1]Tier 1'!W29 -> 5250 | AG29: ='[1]Tier 1'!X29 -> 5250 | AI29: ='[1]Tier 1'!Y29 -> 5250 | AJ29: =AI29 * 0.9 -> 4725 | AK29: =VLOOKUP(A29,#REF!,-1,FALSE) -> #REF! | AL29: =AK29 * 0.9 -> #REF! | AM29: =S29+W29 -> 2257 | AN29: =IF(AE29>0, ROUND(AM29/AE29,3),0) -> 0.43 | AO29: =IF($W29>0,IF(AN29>0.8999,"Study 1", "OK"),"OK") -> OK | AP29: =T29+W29 -> 2409 | AQ29: =IF(AG29>0, ROUND(AP29/AG29,3),0) -> 0.459 | AR29: =IF($W29>0,IF(AQ29>0.8999,"Study 1", "OK"),"OK") -> OK | AS29: =U29+W29 -> 2511 | AT29: =IF(AI29>0, ROUND(AS29/AI29,3),0) -> 0.478 | AU29: =IF($W29>0,IF(AT29>0.8999,"Study 1", "OK"),"OK") -> OK | AV29: =V29+W29 -> 0 | AW29: =IF(AK29>0, ROUND(AV29/AK29,3),0) -> #REF! | AX29: =IF(AND(V29=0, AV29>0), "DATA1", IF(OR(AV29>AL29,BI29>0), IF(Y29="CONC. (ART-PLAN)", "STUDY 1", "STUDY 2"), "OK")) -> #REF! | BA29: =IF(AG29>0, X29/AG29, 0) -> 0 | BB29: =IF(AM29>AF29,1,0) -> 1 | BC29: =SUMIF(#REF!,#REF!, BB20:BB333) -> #REF! | BD29: =IF(AP29>AH29,1,0) -> 1 | BE29: =SUMIF(#REF!,#REF!, BD20:BD333) -> #REF! | BF29: =IF(AS29>AJ29,1,0) -> 0 | BG29: =SUMIF(#REF!,#REF!, BF20:BF333) -> #REF! | BH29: =IF(AV29>AL29,1,0) -> #REF! | BI29: =SUMIF(B20:B333, B29, BH20:BH333) -> 0
A30: 10110.2 | C30: BROAD ST (US41/SR45) | D30: JOHN MARTIN LN | E30: VFW RD | F30: 6D | H30: 6D | I30: Y | J30: N | N30: 25073 | O30: 26772 | P30: 27904 | R30: 0.09 | S30: 2257 | T30: 2409 | U30: 2511 | V30: =ROUND(R30*Q30,0) -> 0 | Y30: GEN. TABLES | Z30: ='[1]Tier 1'!V30 -> C | AE30: ='[1]Tier 1'!W30 -> 5250 | AG30: ='[1]Tier 1'!X30 -> 5250 | AI30: ='[1]Tier 1'!Y30 -> 5250 | AJ30: =AI30 * 0.9 -> 4725 | AK30: =VLOOKUP(A30,#REF!,-1,FALSE) -> #REF! | AL30: =AK30 * 0.9 -> #REF! | AM30: =S30+W30 -> 2257 | AN30: =IF(AE30>0, ROUND(AM30/AE30,3),0) -> 0.43 | AO30: =IF($W30>0,IF(AN30>0.8999,"Study 1", "OK"),"OK") -> OK | AP30: =T30+W30 -> 2409 | AQ30: =IF(AG30>0, ROUND(AP30/AG30,3),0) -> 0.459 | AR30: =IF($W30>0,IF(AQ30>0.8999,"Study 1", "OK"),"OK") -> OK | AS30: =U30+W30 -> 2511 | AT30: =IF(AI30>0, ROUND(AS30/AI30,3),0) -> 0.478 | AU30: =IF($W30>0,IF(AT30>0.8999,"Study 1", "OK"),"OK") -> OK | AV30: =V30+W30 -> 0 | AW30: =IF(AK30>0, ROUND(AV30/AK30,3),0) -> #REF! | AX30: =IF(AND(V30=0, AV30>0), "DATA1", IF(OR(AV30>AL30,BI30>0), IF(Y30="CONC. (ART-PLAN)", "STUDY 1", "STUDY 2"), "OK")) -> #REF! | BA30: =IF(AG30>0, X30/AG30, 0) -> 0 | BB30: =IF(AM30>AF30,1,0) -> 1 | BC30: =SUMIF(#REF!,#REF!, BB20:BB333) -> #REF! | BD30: =IF(AP30>AH30,1,0) -> 1 | BE30: =SUMIF(#REF!,#REF!, BD20:BD333) -> #REF! | BF30: =IF(AS30>AJ30,1,0) -> 0 | BG30: =SUMIF(#REF!,#REF!, BF20:BF333) -> #REF! | BH30: =IF(AV30>AL30,1,0) -> #REF! | BI30: =SUMIF(B20:B333, B30, BH20:BH333) -> 0
A31: 10115 | C31: BROAD ST (US41/SR45) | D31: VFW RD | E31: WISCON RD | F31: 6D | H31: 6D | I31: Y | J31: N | N31: 25073 | O31: 26772 | P31: 27904 | R31: 0.09 | S31: 2257 | T31: 2409 | U31: 2511 | V31: =ROUND(R31*Q31,0) -> 0 | Y31: GEN. TABLES | Z31: ='[1]Tier 1'!V31 -> C | AE31: ='[1]Tier 1'!W31 -> 5250 | AG31: ='[1]Tier 1'!X31 -> 5250 | AI31: ='[1]Tier 1'!Y31 -> 5250 | AJ31: =AI31 * 0.9 -> 4725 | AK31: =VLOOKUP(A31,#REF!,-1,FALSE) -> #REF! | AL31: =AK31 * 0.9 -> #REF! | AM31: =S31+W31 -> 2257 | AN31: =IF(AE31>0, ROUND(AM31/AE31,3),0) -> 0.43 | AO31: =IF($W31>0,IF(AN31>0.8999,"Study 1", "OK"),"OK") -> OK | AP31: =T31+W31 -> 2409 | AQ31: =IF(AG31>0, ROUND(AP31/AG31,3),0) -> 0.459 | AR31: =IF($W31>0,IF(AQ31>0.8999,"Study 1", "OK"),"OK") -> OK | AS31: =U31+W31 -> 2511 | AT31: =IF(AI31>0, ROUND(AS31/AI31,3),0) -> 0.478 | AU31: =IF($W31>0,IF(AT31>0.8999,"Study 1", "OK"),"OK") -> OK | AV31: =V31+W31 -> 0 | AW31: =IF(AK31>0, ROUND(AV31/AK31,3),0) -> #REF! | AX31: =IF(AND(V31=0, AV31>0), "DATA1", IF(OR(AV31>AL31,BI31>0), IF(Y31="CONC. (ART-PLAN)", "STUDY 1", "STUDY 2"), "OK")) -> #REF! | BA31: =IF(AG31>0, X31/AG31, 0) -> 0 | BB31: =IF(AM31>AF31,1,0) -> 1 | BC31: =SUMIF(#REF!,#REF!, BB20:BB333) -> #REF! | BD31: =IF(AP31>AH31,1,0) -> 1 | BE31: =SUMIF(#REF!,#REF!, BD20:BD333) -> #REF! | BF31: =IF(AS31>AJ31,1,0) -> 0 | BG31: =SUMIF(#REF!,#REF!, BF20:BF333) -> #REF! | BH31: =IF(AV31>AL31,1,0) -> #REF! | BI31: =SUMIF(B20:B333, B31, BH20:BH333) -> 0
A32: 10120 | C32: BROAD ST (US41/SR45) | D32: WISCON RD | E32: CORTEZ BLVD (SR50) | F32: 6D | H32: 6D | I32: Y | J32: N | N32: 32640 | O32: 34638 | P32: 36037 | R32: 0.09 | S32: 2938 | T32: 3117 | U32: 3243 | V32: =ROUND(R32*Q32,0) -> 0 | Y32: GEN. TABLES | Z32: ='[1]Tier 1'!V32 -> C | AE32: ='[1]Tier 1'!W32 -> 2090 | AG32: ='[1]Tier 1'!X32 -> 2090 | AI32: ='[1]Tier 1'!Y32 -> 2090 | AJ32: =AI32 * 0.9 -> 1881 | AK32: =VLOOKUP(A32,#REF!,-1,FALSE) -> #REF! | AL32: =AK32 * 0.9 -> #REF! | AM32: =S32+W32 -> 2938 | AN32: =IF(AE32>0, ROUND(AM32/AE32,3),0) -> 1.406 | AO32: =IF($W32>0,IF(AN32>0.8999,"Study 1", "OK"),"OK") -> OK | AP32: =T32+W32 -> 3117 | AQ32: =IF(AG32>0, ROUND(AP32/AG32,3),0) -> 1.491 | AR32: =IF($W32>0,IF(AQ32>0.8999,"Study 1", "OK"),"OK") -> OK | AS32: =U32+W32 -> 3243 | AT32: =IF(AI32>0, ROUND(AS32/AI32,3),0) -> 1.552 | AU32: =IF($W32>0,IF(AT32>0.8999,"Study 1", "OK"),"OK") -> OK | AV32: =V32+W32 -> 0 | AW32: =IF(AK32>0, ROUND(AV32/AK32,3),0) -> #REF! | AX32: =IF(AND(V32=0, AV32>0), "DATA1", IF(OR(AV32>AL32,BI32>0), IF(Y32="CONC. (ART-PLAN)", "STUDY 1", "STUDY 2"), "OK")) -> #REF! | BA32: =IF(AG32>0, X32/AG32, 0) -> 0 | BB32: =IF(AM32>AF32,1,0) -> 1 | BC32: =SUMIF(#REF!,#REF!, BB20:BB333) -> #REF! | BD32: =IF(AP32>AH32,1,0) -> 1 | BE32: =SUMIF(#REF!,#REF!, BD20:BD333) -> #REF! | BF32: =IF(AS32>AJ32,1,0) -> 1 | BG32: =SUMIF(#REF!,#REF!, BF20:BF333) -> #REF! | BH32: =IF(AV32>AL32,1,0) -> #REF! | BI32: =SUMIF(B20:B333, B32, BH20:BH333) -> 0
A33: 10130 | C33: BROAD ST (US41/SR45) | D33: CORTEZ BLVD (SR50) | E33: WINN DIXIE PLAZA | F33: 6D | H33: 6D | I33: Y | J33: N | N33: 32640 | O33: 34638 | P33: 36037 | R33: 0.09 | S33: 2938 | T33: 3117 | U33: 3243 | V33: =ROUND(R33*Q33,0) -> 0 | Y33: GEN. TABLES | Z33: ='[1]Tier 1'!V33 -> C | AE33: ='[1]Tier 1'!W33 -> 2090 | AG33: ='[1]Tier 1'!X33 -> 2090 | AI33: ='[1]Tier 1'!Y33 -> 2090 | AJ33: =AI33 * 0.9 -> 1881 | AK33: =VLOOKUP(A33,#REF!,-1,FALSE) -> #REF! | AL33: =AK33 * 0.9 -> #REF! | AM33: =S33+W33 -> 2938 | AN33: =IF(AE33>0, ROUND(AM33/AE33,3),0) -> 1.406 | AO33: =IF($W33>0,IF(AN33>0.8999,"Study 1", "OK"),"OK") -> OK | AP33: =T33+W33 -> 3117 | AQ33: =IF(AG33>0, ROUND(AP33/AG33,3),0) -> 1.491 | AR33: =IF($W33>0,IF(AQ33>0.8999,"Study 1", "OK"),"OK") -> OK | AS33: =U33+W33 -> 3243 | AT33: =IF(AI33>0, ROUND(AS33/AI33,3),0) -> 1.552 | AU33: =IF($W33>0,IF(AT33>0.8999,"Study 1", "OK"),"OK") -> OK | AV33: =V33+W33 -> 0 | AW33: =IF(AK33>0, ROUND(AV33/AK33,3),0) -> #REF! | AX33: =IF(AND(V33=0, AV33>0), "DATA1", IF(OR(AV33>AL33,BI33>0), IF(Y33="CONC. (ART-PLAN)", "STUDY 1", "STUDY 2"), "OK")) -> #REF! | BA33: =IF(AG33>0, X33/AG33, 0) -> 0 | BB33: =IF(AM33>AF33,1,0) -> 1 | BC33: =SUMIF(#REF!,#REF!, BB20:BB333) -> #REF! | BD33: =IF(AP33>AH33,1,0) -> 1 | BE33: =SUMIF(#REF!,#REF!, BD20:BD333) -> #REF! | BF33: =IF(AS33>AJ33,1,0) -> 1 | BG33: =SUMIF(#REF!,#REF!, BF20:BF333) -> #REF! | BH33: =IF(AV33>AL33,1,0) -> #REF! | BI33: =SUMIF(B20:B333, B33, BH20:BH333) -> 0
A34: 10140 | C34: BROAD ST (US41/SR45) | D34: WINN DIXIE PLAZA | E34: CANDLELIGHT BLVD | F34: 6D | H34: 6D | I34: Y | J34: N | N34: 25447 | O34: 26956 | P34: 27962 | R34: 0.09 | S34: 2290 | T34: 2426 | U34: 2517 | V34: =ROUND(R34*Q34,0) -> 0 | Y34: GEN. TABLES | Z34: ='[1]Tier 1'!V34 -> C | AE34: ='[1]Tier 1'!W34 -> 2090 | AG34: ='[1]Tier 1'!X34 -> 2090 | AI34: ='[1]Tier 1'!Y34 -> 2090 | AJ34: =AI34 * 0.9 -> 1881 | AK34: =VLOOKUP(A34,#REF!,-1,FALSE) -> #REF! | AL34: =AK34 * 0.9 -> #REF! | AM34: =S34+W34 -> 2290 | AN34: =IF(AE34>0, ROUND(AM34/AE34,3),0) -> 1.096 | AO34: =IF($W34>0,IF(AN34>0.8999,"Study 1", "OK"),"OK") -> OK | AP34: =T34+W34 -> 2426 | AQ34: =IF(AG34>0, ROUND(AP34/AG34,3),0) -> 1.161 | AR34: =IF($W34>0,IF(AQ34>0.8999,"Study 1", "OK"),"OK") -> OK | AS34: =U34+W34 -> 2517 | AT34: =IF(AI34>0, ROUND(AS34/AI34,3),0) -> 1.204 | AU34: =IF($W34>0,IF(AT34>0.8999,"Study 1", "OK"),"OK") -> OK | AV34: =V34+W34 -> 0 | AW34: =IF(AK34>0, ROUND(AV34/AK34,3),0) -> #REF! | AX34: =IF(AND(V34=0, AV34>0), "DATA1", IF(OR(AV34>AL34,BI34>0), IF(Y34="CONC. (ART-PLAN)", "STUDY 1", "STUDY 2"), "OK")) -> #REF! | BA34: =IF(AG34>0, X34/AG34, 0) -> 0 | BB34: =IF(AM34>AF34,1,0) -> 1 | BC34: =SUMIF(#REF!,#REF!, BB20:BB333) -> #REF! | BD34: =IF(AP34>AH34,1,0) -> 1 | BE34: =SUMIF(#REF!,#REF!, BD20:BD333) -> #REF! | BF34: =IF(AS34>AJ34,1,0) -> 1 | BG34: =SUMIF(#REF!,#REF!, BF20:BF333) -> #REF! | BH34: =IF(AV34>AL34,1,0) -> #REF! | BI34: =SUMIF(B20:B333, B34, BH20:BH333) -> 0
A35: 10150 | C35: BROAD ST (US41/SR45) | D35: CANDLELIGHT BLVD | E35: MLK BLVD | F35: 6D | H35: 2D | I35: Y | J35: N | N35: 25447 | O35: 26956 | P35: 27962 | R35: 0.09 | S35: 2290 | T35: 2426 | U35: 2517 | V35: =ROUND(R35*Q35,0) -> 0 | Y35: GEN. TABLES | Z35: ='[1]Tier 1'!V35 -> C | AE35: ='[1]Tier 1'!W35 -> 2090 | AG35: ='[1]Tier 1'!X35 -> 2090 | AI35: ='[1]Tier 1'!Y35 -> 2090 | AJ35: =AI35 * 0.9 -> 1881 | AK35: =VLOOKUP(A35,#REF!,-1,FALSE) -> #REF! | AL35: =AK35 * 0.9 -> #REF! | AM35: =S35+W35 -> 2290 | AN35: =IF(AE35>0, ROUND(AM35/AE35,3),0) -> 1.096 | AO35: =IF($W35>0,IF(AN35>0.8999,"Study 1", "OK"),"OK") -> OK | AP35: =T35+W35 -> 2426 | AQ35: =IF(AG35>0, ROUND(AP35/AG35,3),0) -> 1.161 | AR35: =IF($W35>0,IF(AQ35>0.8999,"Study 1", "OK"),"OK") -> OK | AS35: =U35+W35 -> 2517 | AT35: =IF(AI35>0, ROUND(AS35/AI35,3),0) -> 1.204 | AU35: =IF($W35>0,IF(AT35>0.8999,"Study 1", "OK"),"OK") -> OK | AV35: =V35+W35 -> 0 | AW35: =IF(AK35>0, ROUND(AV35/AK35,3),0) -> #REF! | AX35: =IF(AND(V35=0, AV35>0), "DATA1", IF(OR(AV35>AL35,BI35>0), IF(Y35="CONC. (ART-PLAN)", "STUDY 1", "STUDY 2"), "OK")) -> #REF! | BA35: =IF(AG35>0, X35/AG35, 0) -> 0 | BB35: =IF(AM35>AF35,1,0) -> 1 | BC35: =SUMIF(#REF!,#REF!, BB20:BB333) -> #REF! | BD35: =IF(AP35>AH35,1,0) -> 1 | BE35: =SUMIF(#REF!,#REF!, BD20:BD333) -> #REF! | BF35: =IF(AS35>AJ35,1,0) -> 1 | BG35: =SUMIF(#REF!,#REF!, BF20:BF333) -> #REF! | BH35: =IF(AV35>AL35,1,0) -> #REF! | BI35: =SUMIF(B20:B333, B35, BH20:BH333) -> 0
A36: 10160 | C36: BROAD ST (US41/SR45) | D36: MLK BLVD | E36: PONCE DE LEON BLVD (US98/SR700) | F36: 6D | H36: 2D | I36: Y | J36: N | N36: 25447 | O36: 26956 | P36: 27962 | R36: 0.09 | S36: 2290 | T36: 2426 | U36: 2517 | V36: =ROUND(R36*Q36,0) -> 0 | Y36: GEN. TABLES | Z36: ='[1]Tier 1'!V36 -> C | AE36: ='[1]Tier 1'!W36 -> 2090 | AG36: ='[1]Tier 1'!X36 -> 2090 | AI36: ='[1]Tier 1'!Y36 -> 2090 | AJ36: =AI36 * 0.9 -> 1881 | AK36: =VLOOKUP(A36,#REF!,-1,FALSE) -> #REF! | AL36: =AK36 * 0.9 -> #REF! | AM36: =S36+W36 -> 2290 | AN36: =IF(AE36>0, ROUND(AM36/AE36,3),0) -> 1.096 | AO36: =IF($W36>0,IF(AN36>0.8999,"Study 1", "OK"),"OK") -> OK | AP36: =T36+W36 -> 2426 | AQ36: =IF(AG36>0, ROUND(AP36/AG36,3),0) -> 1.161 | AR36: =IF($W36>0,IF(AQ36>0.8999,"Study 1", "OK"),"OK") -> OK | AS36: =U36+W36 -> 2517 | AT36: =IF(AI36>0, ROUND(AS36/AI36,3),0) -> 1.204 | AU36: =IF($W36>0,IF(AT36>0.8999,"Study 1", "OK"),"OK") -> OK | AV36: =V36+W36 -> 0 | AW36: =IF(AK36>0, ROUND(AV36/AK36,3),0) -> #REF! | AX36: =IF(AND(V36=0, AV36>0), "DATA1", IF(OR(AV36>AL36,BI36>0), IF(Y36="CONC. (ART-PLAN)", "STUDY 1", "STUDY 2"), "OK")) -> #REF! | BA36: =IF(AG36>0, X36/AG36, 0) -> 0 | BB36: =IF(AM36>AF36,1,0) -> 1 | BC36: =SUMIF(#REF!,#REF!, BB20:BB333) -> #REF! | BD36: =IF(AP36>AH36,1,0) -> 1 | BE36: =SUMIF(#REF!,#REF!, BD20:BD333) -> #REF! | BF36: =IF(AS36>AJ36,1,0) -> 1 | BG36: =SUMIF(#REF!,#REF!, BF20:BF333) -> #REF! | BH36: =IF(AV36>AL36,1,0) -> #REF! | BI36: =SUMIF(B20:B333, B36, BH20:BH333) -> 0
A37: 10170 | C37: BROAD ST (US41/SR45) | D37: PONCE DE LEON BLVD (US98/SR700) | E37: BENTON AVE | F37: 2D | H37: 2D | I37: Y | J37: N | N37: 25447 | O37: 26956 | P37: 27962 | R37: 0.09 | S37: 2290 | T37: 2426 | U37: 2517 | V37: =ROUND(R37*Q37,0) -> 0 | Y37: GEN. TABLES | Z37: ='[1]Tier 1'!V37 -> C | AE37: ='[1]Tier 1'!W37 -> 2090 | AG37: ='[1]Tier 1'!X37 -> 2090 | AI37: ='[1]Tier 1'!Y37 -> 2090 | AJ37: =AI37 * 0.9 -> 1881 | AK37: =VLOOKUP(A37,#REF!,-1,FALSE) -> #REF! | AL37: =AK37 * 0.9 -> #REF! | AM37: =S37+W37 -> 2290 | AN37: =IF(AE37>0, ROUND(AM37/AE37,3),0) -> 1.096 | AO37: =IF($W37>0,IF(AN37>0.8999,"Study 1", "OK"),"OK") -> OK | AP37: =T37+W37 -> 2426 | AQ37: =IF(AG37>0, ROUND(AP37/AG37,3),0) -> 1.161 | AR37: =IF($W37>0,IF(AQ37>0.8999,"Study 1", "OK"),"OK") -> OK | AS37: =U37+W37 -> 2517 | AT37: =IF(AI37>0, ROUND(AS37/AI37,3),0) -> 1.204 | AU37: =IF($W37>0,IF(AT37>0.8999,"Study 1", "OK"),"OK") -> OK | AV37: =V37+W37 -> 0 | AW37: =IF(AK37>0, ROUND(AV37/AK37,3),0) -> #REF! | AX37: =IF(AND(V37=0, AV37>0), "DATA1", IF(OR(AV37>AL37,BI37>0), IF(Y37="CONC. (ART-PLAN)", "STUDY 1", "STUDY 2"), "OK")) -> #REF! | BA37: =IF(AG37>0, X37/AG37, 0) -> 0 | BB37: =IF(AM37>AF37,1,0) -> 1 | BC37: =SUMIF(#REF!,#REF!, BB20:BB333) -> #REF! | BD37: =IF(AP37>AH37,1,0) -> 1 | BE37: =SUMIF(#REF!,#REF!, BD20:BD333) -> #REF! | BF37: =IF(AS37>AJ37,1,0) -> 1 | BG37: =SUMIF(#REF!,#REF!, BF20:BF333) -> #REF! | BH37: =IF(AV37>AL37,1,0) -> #REF! | BI37: =SUMIF(B20:B333, B37, BH20:BH333) -> 0
A38: 10180 | C38: BROAD ST (US41/SR45) | D38: BENTON AVE | E38: OLD HOSPITAL DR | F38: 2D | H38: 6D | I38: Y | J38: N | N38: 12240 | O38: 12989 | P38: 13514 | R38: 0.09 | S38: 1102 | T38: 1169 | U38: 1216 | V38: =ROUND(R38*Q38,0) -> 0 | Y38: GEN. TABLES | Z38: ='[1]Tier 1'!V38 -> C | AE38: ='[1]Tier 1'!W38 -> 2090 | AG38: ='[1]Tier 1'!X38 -> 2090 | AI38: ='[1]Tier 1'!Y38 -> 2090 | AJ38: =AI38 * 0.9 -> 1881 | AK38: =VLOOKUP(A38,#REF!,-1,FALSE) -> #REF! | AL38: =AK38 * 0.9 -> #REF! | AM38: =S38+W38 -> 1102 | AN38: =IF(AE38>0, ROUND(AM38/AE38,3),0) -> 0.527 | AO38: =IF($W38>0,IF(AN38>0.8999,"Study 1", "OK"),"OK") -> OK | AP38: =T38+W38 -> 1169 | AQ38: =IF(AG38>0, ROUND(AP38/AG38,3),0) -> 0.559 | AR38: =IF($W38>0,IF(AQ38>0.8999,"Study 1", "OK"),"OK") -> OK | AS38: =U38+W38 -> 1216 | AT38: =IF(AI38>0, ROUND(AS38/AI38,3),0) -> 0.582 | AU38: =IF($W38>0,IF(AT38>0.8999,"Study 1", "OK"),"OK") -> OK | AV38: =V38+W38 -> 0 | AW38: =IF(AK38>0, ROUND(AV38/AK38,3),0) -> #REF! | AX38: =IF(AND(V38=0, AV38>0), "DATA1", IF(OR(AV38>AL38,BI38>0), IF(Y38="CONC. (ART-PLAN)", "STUDY 1", "STUDY 2"), "OK")) -> #REF! | BA38: =IF(AG38>0, X38/AG38, 0) -> 0 | BB38: =IF(AM38>AF38,1,0) -> 1 | BC38: =SUMIF(#REF!,#REF!, BB20:BB333) -> #REF! | BD38: =IF(AP38>AH38,1,0) -> 1 | BE38: =SUMIF(#REF!,#REF!, BD20:BD333) -> #REF! | BF38: =IF(AS38>AJ38,1,0) -> 0 | BG38: =SUMIF(#REF!,#REF!, BF20:BF333) -> #REF! | BH38: =IF(AV38>AL38,1,0) -> #REF! | BI38: =SUMIF(B20:B333, B38, BH20:BH333) -> 0
A39: 10190 | C39: BROAD ST (US41/SR45) | D39: OLD HOSPITAL DR | E39: MILDRED AVE | F39: 2D | H39: 2U | I39: Y | J39: N | N39: 25447 | O39: 26956 | P39: 27962 | R39: 0.09 | S39: 2290 | T39: 2426 | U39: 2517 | V39: =ROUND(R39*Q39,0) -> 0 | Y39: GEN. TABLES | Z39: ='[1]Tier 1'!V39 -> C | AE39: ='[1]Tier 1'!W39 -> 2090 | AG39: ='[1]Tier 1'!X39 -> 2090 | AI39: ='[1]Tier 1'!Y39 -> 2090 | AJ39: =AI39 * 0.9 -> 1881 | AK39: =VLOOKUP(A39,#REF!,-1,FALSE) -> #REF! | AL39: =AK39 * 0.9 -> #REF! | AM39: =S39+W39 -> 2290 | AN39: =IF(AE39>0, ROUND(AM39/AE39,3),0) -> 1.096 | AO39: =IF($W39>0,IF(AN39>0.8999,"Study 1", "OK"),"OK") -> OK | AP39: =T39+W39 -> 2426 | AQ39: =IF(AG39>0, ROUND(AP39/AG39,3),0) -> 1.161 | AR39: =IF($W39>0,IF(AQ39>0.8999,"Study 1", "OK"),"OK") -> OK | AS39: =U39+W39 -> 2517 | AT39: =IF(AI39>0, ROUND(AS39/AI39,3),0) -> 1.204 | AU39: =IF($W39>0,IF(AT39>0.8999,"Study 1", "OK"),"OK") -> OK | AV39: =V39+W39 -> 0 | AW39: =IF(AK39>0, ROUND(AV39/AK39,3),0) -> #REF! | AX39: =IF(AND(V39=0, AV39>0), "DATA1", IF(OR(AV39>AL39,BI39>0), IF(Y39="CONC. (ART-PLAN)", "STUDY 1", "STUDY 2"), "OK")) -> #REF! | BA39: =IF(AG39>0, X39/AG39, 0) -> 0 | BB39: =IF(AM39>AF39,1,0) -> 1 | BC39: =SUMIF(#REF!,#REF!, BB20:BB333) -> #REF! | BD39: =IF(AP39>AH39,1,0) -> 1 | BE39: =SUMIF(#REF!,#REF!, BD20:BD333) -> #REF! | BF39: =IF(AS39>AJ39,1,0) -> 1 | BG39: =SUMIF(#REF!,#REF!, BF20:BF333) -> #REF! | BH39: =IF(AV39>AL39,1,0) -> #REF! | BI39: =SUMIF(B20:B333, B39, BH20:BH333) -> 0
A40: 10200 | C40: BROAD ST (US41/SR45) | D40: MILDRED AVE | E40: MAIN ST (CR445) | F40: 4D | H40: 2U | I40: Y | J40: N | N40: 10200 | O40: 10824 | P40: 10418 | R40: 0.09 | S40: 918 | T40: 974 | U40: 938 | V40: =ROUND(R40*Q40,0) -> 0 | Y40: GEN. TABLES | Z40: ='[1]Tier 1'!V40 -> C | AE40: ='[1]Tier 1'!W40 -> 786 | AG40: ='[1]Tier 1'!X40 -> 786 | AI40: ='[1]Tier 1'!Y40 -> 786 | AJ40: =AI40 * 0.9 -> 707.4 | AK40: =VLOOKUP(A40,#REF!,-1,FALSE) -> #REF! | AL40: =AK40 * 0.9 -> #REF! | AM40: =S40+W40 -> 918 | AN40: =IF(AE40>0, ROUND(AM40/AE40,3),0) -> 1.168 | AO40: =IF($W40>0,IF(AN40>0.8999,"Study 1", "OK"),"OK") -> OK | AP40: =T40+W40 -> 974 | AQ40: =IF(AG40>0, ROUND(AP40/AG40,3),0) -> 1.239 | AR40: =IF($W40>0,IF(AQ40>0.8999,"Study 1", "OK"),"OK") -> OK | AS40: =U40+W40 -> 938 | AT40: =IF(AI40>0, ROUND(AS40/AI40,3),0) -> 1.193 | AU40: =IF($W40>0,IF(AT40>0.8999,"Study 1", "OK"),"OK") -> OK | AV40: =V40+W40 -> 0 | AW40: =IF(AK40>0, ROUND(AV40/AK40,3),0) -> #REF! | AX40: =IF(AND(V40=0, AV40>0), "DATA1", IF(OR(AV40>AL40,BI40>0), IF(Y40="CONC. (ART-PLAN)", "STUDY 1", "STUDY 2"), "OK")) -> #REF! | BA40: =IF(AG40>0, X40/AG40, 0) -> 0 | BB40: =IF(AM40>AF40,1,0) -> 1 | BC40: =SUMIF(#REF!,#REF!, BB20:BB333) -> #REF! | BD40: =IF(AP40>AH40,1,0) -> 1 | BE40: =SUMIF(#REF!,#REF!, BD20:BD333) -> #REF! | BF40: =IF(AS40>AJ40,1,0) -> 1 | BG40: =SUMIF(#REF!,#REF!, BF20:BF333) -> #REF! | BH40: =IF(AV40>AL40,1,0) -> #REF! | BI40: =SUMIF(B20:B333, B40, BH20:BH333) -> 0
A41: 10210 | C41: BROAD ST (US41/SR45) | D41: MAIN ST (CR445) | E41: JEFFERSON ST (SR50) | F41: 2U | H41: 2U | I41: Y | J41: N | N41: 9078 | O41: 9108 | P41: 9416 | R41: 0.09 | S41: 817 | T41: 820 | U41: 847 | V41: =ROUND(R41*Q41,0) -> 0 | Y41: GEN. TABLES | Z41: ='[1]Tier 1'!V41 -> C | AE41: ='[1]Tier 1'!W41 -> 786 | AG41: ='[1]Tier 1'!X41 -> 786 | AI41: ='[1]Tier 1'!Y41 -> 786 | AJ41: =AI41 * 0.9 -> 707.4 | AK41: =VLOOKUP(A41,#REF!,-1,FALSE) -> #REF! | AL41: =AK41 * 0.9 -> #REF! | AM41: =S41+W41 -> 817 | AN41: =IF(AE41>0, ROUND(AM41/AE41,3),0) -> 1.039 | AO41: =IF($W41>0,IF(AN41>0.8999,"Study 1", "OK"),"OK") -> OK | AP41: =T41+W41 -> 820 | AQ41: =IF(AG41>0, ROUND(AP41/AG41,3),0) -> 1.043 | AR41: =IF($W41>0,IF(AQ41>0.8999,"Study 1", "OK"),"OK") -> OK | AS41: =U41+W41 -> 847 | AT41: =IF(AI41>0, ROUND(AS41/AI41,3),0) -> 1.078 | AU41: =IF($W41>0,IF(AT41>0.8999,"Study 1", "OK"),"OK") -> OK | AV41: =V41+W41 -> 0 | AW41: =IF(AK41>0, ROUND(AV41/AK41,3),0) -> #REF! | AX41: =IF(AND(V41=0, AV41>0), "DATA1", IF(OR(AV41>AL41,BI41>0), IF(Y41="CONC. (ART-PLAN)", "STUDY 1", "STUDY 2"), "OK")) -> #REF! | BA41: =IF(AG41>0, X41/AG41, 0) -> 0 | BB41: =IF(AM41>AF41,1,0) -> 1 | BC41: =SUMIF(#REF!,#REF!, BB20:BB333) -> #REF! | BD41: =IF(AP41>AH41,1,0) -> 1 | BE41: =SUMIF(#REF!,#REF!, BD20:BD333) -> #REF! | BF41: =IF(AS41>AJ41,1,0) -> 1 | BG41: =SUMIF(#REF!,#REF!, BF20:BF333) -> #REF! | BH41: =IF(AV41>AL41,1,0) -> #REF! | BI41: =SUMIF(B20:B333, B41, BH20:BH333) -> 0
A42: 10220 | C42: BROAD ST (US41/SR45) | D42: JEFFERSON ST (SR50) | E42: MONDON HILL RD | F42: 2U | H42: 2U | I42: Y | J42: N | N42: 10200 | O42: 10824 | P42: 11262 | R42: 0.09 | S42: 918 | T42: 974 | U42: 1014 | V42: =ROUND(R42*Q42,0) -> 0 | Y42: GEN. TABLES | Z42: ='[1]Tier 1'!V42 -> C | AE42: ='[1]Tier 1'!W42 -> 1620 | AG42: ='[1]Tier 1'!X42 -> 1620 | AI42: ='[1]Tier 1'!Y42 -> 1620 | AJ42: =AI42 * 0.9 -> 1458 | AK42: =VLOOKUP(A42,#REF!,-1,FALSE) -> #REF! | AL42: =AK42 * 0.9 -> #REF! | AM42: =S42+W42 -> 918 | AN42: =IF(AE42>0, ROUND(AM42/AE42,3),0) -> 0.567 | AO42: =IF($W42>0,IF(AN42>0.8999,"Study 1", "OK"),"OK") -> OK | AP42: =T42+W42 -> 974 | AQ42: =IF(AG42>0, ROUND(AP42/AG42,3),0) -> 0.601 | AR42: =IF($W42>0,IF(AQ42>0.8999,"Study 1", "OK"),"OK") -> OK | AS42: =U42+W42 -> 1014 | AT42: =IF(AI42>0, ROUND(AS42/AI42,3),0) -> 0.626 | AU42: =IF($W42>0,IF(AT42>0.8999,"Study 1", "OK"),"OK") -> OK | AV42: =V42+W42 -> 0 | AW42: =IF(AK42>0, ROUND(AV42/AK42,3),0) -> #REF! | AX42: =IF(AND(V42=0, AV42>0), "DATA1", IF(OR(AV42>AL42,BI42>0), IF(Y42="CONC. (ART-PLAN)", "STUDY 1", "STUDY 2"), "OK")) -> #REF! | BA42: =IF(AG42>0, X42/AG42, 0) -> 0 | BB42: =IF(AM42>AF42,1,0) -> 1 | BC42: =SUMIF(#REF!,#REF!, BB20:BB333) -> #REF! | BD42: =IF(AP42>AH42,1,0) -> 1 | BE42: =SUMIF(#REF!,#REF!, BD20:BD333) -> #REF! | BF42: =IF(AS42>AJ42,1,0) -> 0 | BG42: =SUMIF(#REF!,#REF!, BF20:BF333) -> #REF! | BH42: =IF(AV42>AL42,1,0) -> #REF! | BI42: =SUMIF(B20:B333, B42, BH20:BH333) -> 0
A43: 10230.1 | C43: BROAD ST (US41/SR45) | D43: MONDON HILL RD | E43: N OF OAK ST | F43: 2U | H43: 2U | I43: Y | J43: N | N43: 9959 | O43: 10569 | P43: 10996 | R43: 0.09 | S43: 896 | T43: 951 | U43: 990 | V43: =ROUND(R43*Q43,0) -> 0 | Y43: GEN. TABLES | Z43: ='[1]Tier 1'!V43 -> C | AE43: ='[1]Tier 1'!W43 -> 1620 | AG43: ='[1]Tier 1'!X43 -> 1620 | AI43: ='[1]Tier 1'!Y43 -> 1620 | AJ43: =AI43 * 0.9 -> 1458 | AK43: =VLOOKUP(A43,#REF!,-1,FALSE) -> #REF! | AL43: =AK43 * 0.9 -> #REF! | AM43: =S43+W43 -> 896 | AN43: =IF(AE43>0, ROUND(AM43/AE43,3),0) -> 0.553 | AO43: =IF($W43>0,IF(AN43>0.8999,"Study 1", "OK"),"OK") -> OK | AP43: =T43+W43 -> 951 | AQ43: =IF(AG43>0, ROUND(AP43/AG43,3),0) -> 0.587 | AR43: =IF($W43>0,IF(AQ43>0.8999,"Study 1", "OK"),"OK") -> OK | AS43: =U43+W43 -> 990 | AT43: =IF(AI43>0, ROUND(AS43/AI43,3),0) -> 0.611 | AU43: =IF($W43>0,IF(AT43>0.8999,"Study 1", "OK"),"OK") -> OK | AV43: =V43+W43 -> 0 | AW43: =IF(AK43>0, ROUND(AV43/AK43,3),0) -> #REF! | AX43: =IF(AND(V43=0, AV43>0), "DATA1", IF(OR(AV43>AL43,BI43>0), IF(Y43="CONC. (ART-PLAN)", "STUDY 1", "STUDY 2"), "OK")) -> #REF! | BA43: =IF(AG43>0, X43/AG43, 0) -> 0 | BB43: =IF(AM43>AF43,1,0) -> 1 | BC43: =SUMIF(#REF!,#REF!, BB20:BB333) -> #REF! | BD43: =IF(AP43>AH43,1,0) -> 1 | BE43: =SUMIF(#REF!,#REF!, BD20:BD333) -> #REF! | BF43: =IF(AS43>AJ43,1,0) -> 0 | BG43: =SUMIF(#REF!,#REF!, BF20:BF333) -> #REF! | BH43: =IF(AV43>AL43,1,0) -> #REF! | BI43: =SUMIF(B20:B333, B43, BH20:BH333) -> 0
A44: 10230.2 | C44: BROAD ST (US41/SR45) | D44: N OF OAK ST | E44: CROOM RD | F44: 2U | H44: 2U | I44: Y | J44: N | N44: 9959 | O44: 10569 | P44: 10996 | R44: 0.09 | S44: 896 | T44: 951 | U44: 990 | V44: =ROUND(R44*Q44,0) -> 0 | Y44: GEN. TABLES | Z44: ='[1]Tier 1'!V44 -> C | AE44: ='[1]Tier 1'!W44 -> 1620 | AG44: ='[1]Tier 1'!X44 -> 1620 | AI44: ='[1]Tier 1'!Y44 -> 1620 | AJ44: =AI44 * 0.9 -> 1458 | AK44: =VLOOKUP(A44,#REF!,-1,FALSE) -> #REF! | AL44: =AK44 * 0.9 -> #REF! | AM44: =S44+W44 -> 896 | AN44: =IF(AE44>0, ROUND(AM44/AE44,3),0) -> 0.553 | AO44: =IF($W44>0,IF(AN44>0.8999,"Study 1", "OK"),"OK") -> OK | AP44: =T44+W44 -> 951 | AQ44: =IF(AG44>0, ROUND(AP44/AG44,3),0) -> 0.587 | AR44: =IF($W44>0,IF(AQ44>0.8999,"Study 1", "OK"),"OK") -> OK | AS44: =U44+W44 -> 990 | AT44: =IF(AI44>0, ROUND(AS44/AI44,3),0) -> 0.611 | AU44: =IF($W44>0,IF(AT44>0.8999,"Study 1", "OK"),"OK") -> OK | AV44: =V44+W44 -> 0 | AW44: =IF(AK44>0, ROUND(AV44/AK44,3),0) -> #REF! | AX44: =IF(AND(V44=0, AV44>0), "DATA1", IF(OR(AV44>AL44,BI44>0), IF(Y44="CONC. (ART-PLAN)", "STUDY 1", "STUDY 2"), "OK")) -> #REF! | BA44: =IF(AG44>0, X44/AG44, 0) -> 0 | BB44: =IF(AM44>AF44,1,0) -> 1 | BC44: =SUMIF(#REF!,#REF!, BB20:BB333) -> #REF! | BD44: =IF(AP44>AH44,1,0) -> 1 | BE44: =SUMIF(#REF!,#REF!, BD20:BD333) -> #REF! | BF44: =IF(AS44>AJ44,1,0) -> 0 | BG44: =SUMIF(#REF!,#REF!, BF20:BF333) -> #REF! | BH44: =IF(AV44>AL44,1,0) -> #REF! | BI44: =SUMIF(B20:B333, B44, BH20:BH333) -> 0
A45: 10240 | C45: BROAD ST (US41/SR45) | D45: CROOM RD | E45: CHATFIELD DR | F45: 2U | H45: 2U | I45: Y | J45: N | N45: 8058 | O45: 8373 | P45: 8755 | R45: 0.09 | S45: 725 | T45: 754 | U45: 788 | V45: =ROUND(R45*Q45,0) -> 0 | Y45: GEN. TABLES | Z45: ='[1]Tier 1'!V45 -> C | AE45: ='[1]Tier 1'!W45 -> 1620 | AG45: ='[1]Tier 1'!X45 -> 1620 | AI45: ='[1]Tier 1'!Y45 -> 1620 | AJ45: =AI45 * 0.9 -> 1458 | AK45: =VLOOKUP(A45,#REF!,-1,FALSE) -> #REF! | AL45: =AK45 * 0.9 -> #REF! | AM45: =S45+W45 -> 725 | AN45: =IF(AE45>0, ROUND(AM45/AE45,3),0) -> 0.448 | AO45: =IF($W45>0,IF(AN45>0.8999,"Study 1", "OK"),"OK") -> OK | AP45: =T45+W45 -> 754 | AQ45: =IF(AG45>0, ROUND(AP45/AG45,3),0) -> 0.465 | AR45: =IF($W45>0,IF(AQ45>0.8999,"Study 1", "OK"),"OK") -> OK | AS45: =U45+W45 -> 788 | AT45: =IF(AI45>0, ROUND(AS45/AI45,3),0) -> 0.486 | AU45: =IF($W45>0,IF(AT45>0.8999,"Study 1", "OK"),"OK") -> OK | AV45: =V45+W45 -> 0 | AW45: =IF(AK45>0, ROUND(AV45/AK45,3),0) -> #REF! | AX45: =IF(AND(V45=0, AV45>0), "DATA1", IF(OR(AV45>AL45,BI45>0), IF(Y45="CONC. (ART-PLAN)", "STUDY 1", "STUDY 2"), "OK")) -> #REF! | BA45: =IF(AG45>0, X45/AG45, 0) -> 0 | BB45: =IF(AM45>AF45,1,0) -> 1 | BC45: =SUMIF(#REF!,#REF!, BB20:BB333) -> #REF! | BD45: =IF(AP45>AH45,1,0) -> 1 | BE45: =SUMIF(#REF!,#REF!, BD20:BD333) -> #REF! | BF45: =IF(AS45>AJ45,1,0) -> 0 | BG45: =SUMIF(#REF!,#REF!, BF20:BF333) -> #REF! | BH45: =IF(AV45>AL45,1,0) -> #REF! | BI45: =SUMIF(B20:B333, B45, BH20:BH333) -> 0
A46: 10250.1 | C46: BROAD ST (US41/SR45) | D46: CHATFIELD DR | E46: YONTZ RD | F46: 2U | H46: 2U | I46: Y | J46: N | N46: 8058 | O46: 8373 | P46: 8755 | R46: 0.09 | S46: 725 | T46: 754 | U46: 788 | V46: =ROUND(R46*Q46,0) -> 0 | Y46: GEN. TABLES | Z46: ='[1]Tier 1'!V46 -> C | AE46: ='[1]Tier 1'!W46 -> 1620 | AG46: ='[1]Tier 1'!X46 -> 1620 | AI46: ='[1]Tier 1'!Y46 -> 1620 | AJ46: =AI46 * 0.9 -> 1458 | AK46: =VLOOKUP(A46,#REF!,-1,FALSE) -> #REF! | AL46: =AK46 * 0.9 -> #REF! | AM46: =S46+W46 -> 725 | AN46: =IF(AE46>0, ROUND(AM46/AE46,3),0) -> 0.448 | AO46: =IF($W46>0,IF(AN46>0.8999,"Study 1", "OK"),"OK") -> OK | AP46: =T46+W46 -> 754 | AQ46: =IF(AG46>0, ROUND(AP46/AG46,3),0) -> 0.465 | AR46: =IF($W46>0,IF(AQ46>0.8999,"Study 1", "OK"),"OK") -> OK | AS46: =U46+W46 -> 788 | AT46: =IF(AI46>0, ROUND(AS46/AI46,3),0) -> 0.486 | AU46: =IF($W46>0,IF(AT46>0.8999,"Study 1", "OK"),"OK") -> OK | AV46: =V46+W46 -> 0 | AW46: =IF(AK46>0, ROUND(AV46/AK46,3),0) -> #REF! | AX46: =IF(AND(V46=0, AV46>0), "DATA1", IF(OR(AV46>AL46,BI46>0), IF(Y46="CONC. (ART-PLAN)", "STUDY 1", "STUDY 2"), "OK")) -> #REF! | BA46: =IF(AG46>0, X46/AG46, 0) -> 0 | BB46: =IF(AM46>AF46,1,0) -> 1 | BC46: =SUMIF(#REF!,#REF!, BB20:BB333) -> #REF! | BD46: =IF(AP46>AH46,1,0) -> 1 | BE46: =SUMIF(#REF!,#REF!, BD20:BD333) -> #REF! | BF46: =IF(AS46>AJ46,1,0) -> 0 | BG46: =SUMIF(#REF!,#REF!, BF20:BF333) -> #REF! | BH46: =IF(AV46>AL46,1,0) -> #REF! | BI46: =SUMIF(B20:B333, B46, BH20:BH333) -> 0
A47: 10250.2 | C47: BROAD ST (US41/SR45) | D47: YONTZ RD | E47: HOWELL AVE | F47: 2U | H47: 2U | I47: Y | J47: N | N47: 8058 | O47: 8373 | P47: 8755 | R47: 0.09 | S47: 725 | T47: 754 | U47: 788 | V47: =ROUND(R47*Q47,0) -> 0 | Y47: GEN. TABLES | Z47: ='[1]Tier 1'!V47 -> C | AE47: ='[1]Tier 1'!W47 -> 1620 | AG47: ='[1]Tier 1'!X47 -> 1620 | AI47: ='[1]Tier 1'!Y47 -> 1620 | AJ47: =AI47 * 0.9 -> 1458 | AK47: =VLOOKUP(A47,#REF!,-1,FALSE) -> #REF! | AL47: =AK47 * 0.9 -> #REF! | AM47: =S47+W47 -> 725 | AN47: =IF(AE47>0, ROUND(AM47/AE47,3),0) -> 0.448 | AO47: =IF($W47>0,IF(AN47>0.8999,"Study 1", "OK"),"OK") -> OK | AP47: =T47+W47 -> 754 | AQ47: =IF(AG47>0, ROUND(AP47/AG47,3),0) -> 0.465 | AR47: =IF($W47>0,IF(AQ47>0.8999,"Study 1", "OK"),"OK") -> OK | AS47: =U47+W47 -> 788 | AT47: =IF(AI47>0, ROUND(AS47/AI47,3),0) -> 0.486 | AU47: =IF($W47>0,IF(AT47>0.8999,"Study 1", "OK"),"OK") -> OK | AV47: =V47+W47 -> 0 | AW47: =IF(AK47>0, ROUND(AV47/AK47,3),0) -> #REF! | AX47: =IF(AND(V47=0, AV47>0), "DATA1", IF(OR(AV47>AL47,BI47>0), IF(Y47="CONC. (ART-PLAN)", "STUDY 1", "STUDY 2"), "OK")) -> #REF! | BA47: =IF(AG47>0, X47/AG47, 0) -> 0 | BB47: =IF(AM47>AF47,1,0) -> 1 | BC47: =SUMIF(#REF!,#REF!, BB20:BB333) -> #REF! | BD47: =IF(AP47>AH47,1,0) -> 1 | BE47: =SUMIF(#REF!,#REF!, BD20:BD333) -> #REF! | BF47: =IF(AS47>AJ47,1,0) -> 0 | BG47: =SUMIF(#REF!,#REF!, BF20:BF333) -> #REF! | BH47: =IF(AV47>AL47,1,0) -> #REF! | BI47: =SUMIF(B20:B333, B47, BH20:BH333) -> 0
A48: 10260.3 | C48: BROAD ST (US41/SR45) | D48: HOWELL AVE | E48: URBAN BOUNDARY | F48: 2U | H48: 2U | I48: Y | J48: N | N48: 1256 | O48: 1376 | P48: 1456 | R48: 0.09 | S48: 113 | T48: 124 | U48: 131 | V48: =ROUND(R48*Q48,0) -> 0 | Y48: GEN. TABLES | Z48: ='[1]Tier 1'!V48 -> C | AE48: ='[1]Tier 1'!W48 -> 1620 | AG48: ='[1]Tier 1'!X48 -> 1620 | AI48: ='[1]Tier 1'!Y48 -> 1620 | AJ48: =AI48 * 0.9 -> 1458 | AK48: =VLOOKUP(A48,#REF!,-1,FALSE) -> #REF! | AL48: =AK48 * 0.9 -> #REF! | AM48: =S48+W48 -> 113 | AN48: =IF(AE48>0, ROUND(AM48/AE48,3),0) -> 0.07 | AO48: =IF($W48>0,IF(AN48>0.8999,"Study 1", "OK"),"OK") -> OK | AP48: =T48+W48 -> 124 | AQ48: =IF(AG48>0, ROUND(AP48/AG48,3),0) -> 0.077 | AR48: =IF($W48>0,IF(AQ48>0.8999,"Study 1", "OK"),"OK") -> OK | AS48: =U48+W48 -> 131 | AT48: =IF(AI48>0, ROUND(AS48/AI48,3),0) -> 0.081 | AU48: =IF($W48>0,IF(AT48>0.8999,"Study 1", "OK"),"OK") -> OK | AV48: =V48+W48 -> 0 | AW48: =IF(AK48>0, ROUND(AV48/AK48,3),0) -> #REF! | AX48: =IF(AND(V48=0, AV48>0), "DATA1", IF(OR(AV48>AL48,BI48>0), IF(Y48="CONC. (ART-PLAN)", "STUDY 1", "STUDY 2"), "OK")) -> #REF! | BA48: =IF(AG48>0, X48/AG48, 0) -> 0 | BB48: =IF(AM48>AF48,1,0) -> 1 | BC48: =SUMIF(#REF!,#REF!, BB20:BB333) -> #REF! | BD48: =IF(AP48>AH48,1,0) -> 1 | BE48: =SUMIF(#REF!,#REF!, BD20:BD333) -> #REF! | BF48: =IF(AS48>AJ48,1,0) -> 0 | BG48: =SUMIF(#REF!,#REF!, BF20:BF333) -> #REF! | BH48: =IF(AV48>AL48,1,0) -> #REF! | BI48: =SUMIF(B20:B333, B48, BH20:BH333) -> 0
A49: 10260.4 | C49: BROAD ST (US41/SR45) | D49: URBAN BOUNDARY | E49: SNOW MEMORIAL HWY | F49: 2U | H49: 2U | I49: Y | J49: N | N49: 11730 | O49: 11964 | P49: 12353 | R49: 0.09 | S49: 1056 | T49: 1077 | U49: 1112 | V49: =ROUND(R49*Q49,0) -> 0 | Y49: GEN. TABLES | Z49: ='[1]Tier 1'!V49 -> C | AE49: ='[1]Tier 1'!W49 -> 1560 | AG49: ='[1]Tier 1'!X49 -> 1560 | AI49: ='[1]Tier 1'!Y49 -> 1560 | AJ49: =AI49 * 0.9 -> 1404 | AK49: =VLOOKUP(A49,#REF!,-1,FALSE) -> #REF! | AL49: =AK49 * 0.9 -> #REF! | AM49: =S49+W49 -> 1056 | AN49: =IF(AE49>0, ROUND(AM49/AE49,3),0) -> 0.677 | AO49: =IF($W49>0,IF(AN49>0.8999,"Study 1", "OK"),"OK") -> OK | AP49: =T49+W49 -> 1077 | AQ49: =IF(AG49>0, ROUND(AP49/AG49,3),0) -> 0.69 | AR49: =IF($W49>0,IF(AQ49>0.8999,"Study 1", "OK"),"OK") -> OK | AS49: =U49+W49 -> 1112 | AT49: =IF(AI49>0, ROUND(AS49/AI49,3),0) -> 0.713 | AU49: =IF($W49>0,IF(AT49>0.8999,"Study 1", "OK"),"OK") -> OK | AV49: =V49+W49 -> 0 | AW49: =IF(AK49>0, ROUND(AV49/AK49,3),0) -> #REF! | AX49: =IF(AND(V49=0, AV49>0), "DATA1", IF(OR(AV49>AL49,BI49>0), IF(Y49="CONC. (ART-PLAN)", "STUDY 1", "STUDY 2"), "OK")) -> #REF! | BA49: =IF(AG49>0, X49/AG49, 0) -> 0 | BB49: =IF(AM49>AF49,1,0) -> 1 | BC49: =SUMIF(#REF!,#REF!, BB20:BB333) -> #REF! | BD49: =IF(AP49>AH49,1,0) -> 1 | BE49: =SUMIF(#REF!,#REF!, BD20:BD333) -> #REF! | BF49: =IF(AS49>AJ49,1,0) -> 0 | BG49: =SUMIF(#REF!,#REF!, BF20:BF333) -> #REF! | BH49: =IF(AV49>AL49,1,0) -> #REF! | BI49: =SUMIF(B20:B333, B49, BH20:BH333) -> 0
A50: 10270 | C50: BROAD ST (US41/SR45) | D50: SNOW MEMORIAL HWY | E50: LAKE LINDSEY RD | F50: 2U | H50: 6D | I50: Y | J50: N | N50: 6018 | O50: 6124 | P50: 6318 | R50: 0.09 | S50: 542 | T50: 551 | U50: 569 | V50: =ROUND(R50*Q50,0) -> 0 | Y50: GEN. TABLES | Z50: ='[1]Tier 1'!V50 -> C | AE50: ='[1]Tier 1'!W50 -> 1490 | AG50: ='[1]Tier 1'!X50 -> 1490 | AI50: ='[1]Tier 1'!Y50 -> 1490 | AJ50: =AI50 * 0.9 -> 1341 | AK50: =VLOOKUP(A50,#REF!,-1,FALSE) -> #REF! | AL50: =AK50 * 0.9 -> #REF! | AM50: =S50+W50 -> 542 | AN50: =IF(AE50>0, ROUND(AM50/AE50,3),0) -> 0.364 | AO50: =IF($W50>0,IF(AN50>0.8999,"Study 1", "OK"),"OK") -> OK | AP50: =T50+W50 -> 551 | AQ50: =IF(AG50>0, ROUND(AP50/AG50,3),0) -> 0.37 | AR50: =IF($W50>0,IF(AQ50>0.8999,"Study 1", "OK"),"OK") -> OK | AS50: =U50+W50 -> 569 | AT50: =IF(AI50>0, ROUND(AS50/AI50,3),0) -> 0.382 | AU50: =IF($W50>0,IF(AT50>0.8999,"Study 1", "OK"),"OK") -> OK | AV50: =V50+W50 -> 0 | AW50: =IF(AK50>0, ROUND(AV50/AK50,3),0) -> #REF! | AX50: =IF(AND(V50=0, AV50>0), "DATA1", IF(OR(AV50>AL50,BI50>0), IF(Y50="CONC. (ART-PLAN)", "STUDY 1", "STUDY 2"), "OK")) -> #REF! | BA50: =IF(AG50>0, X50/AG50, 0) -> 0 | BB50: =IF(AM50>AF50,1,0) -> 1 | BC50: =SUMIF(#REF!,#REF!, BB20:BB333) -> #REF! | BD50: =IF(AP50>AH50,1,0) -> 1 | BE50: =SUMIF(#REF!,#REF!, BD20:BD333) -> #REF! | BF50: =IF(AS50>AJ50,1,0) -> 0 | BG50: =SUMIF(#REF!,#REF!, BF20:BF333) -> #REF! | BH50: =IF(AV50>AL50,1,0) -> #REF! | BI50: =SUMIF(B20:B333, B50, BH20:BH333) -> 0
A51: 10280 | C51: BROAD ST (US41/SR45) | D51: LAKE LINDSEY RD | E51: CITRUS COUNTY LINE | F51: 2U | H51: 6D | I51: Y | J51: N | N51: 4080 | O51: 4214 | P51: 4405 | R51: 0.09 | S51: 367 | T51: 379 | U51: 396 | V51: =ROUND(R51*Q51,0) -> 0 | Y51: GEN. TABLES | Z51: ='[1]Tier 1'!V51 -> C | AE51: ='[1]Tier 1'!W51 -> 1490 | AG51: ='[1]Tier 1'!X51 -> 1490 | AI51: ='[1]Tier 1'!Y51 -> 1490 | AJ51: =AI51 * 0.9 -> 1341 | AK51: =VLOOKUP(A51,#REF!,-1,FALSE) -> #REF! | AL51: =AK51 * 0.9 -> #REF! | AM51: =S51+W51 -> 367 | AN51: =IF(AE51>0, ROUND(AM51/AE51,3),0) -> 0.246 | AO51: =IF($W51>0,IF(AN51>0.8999,"Study 1", "OK"),"OK") -> OK | AP51: =T51+W51 -> 379 | AQ51: =IF(AG51>0, ROUND(AP51/AG51,3),0) -> 0.254 | AR51: =IF($W51>0,IF(AQ51>0.8999,"Study 1", "OK"),"OK") -> OK | AS51: =U51+W51 -> 396 | AT51: =IF(AI51>0, ROUND(AS51/AI51,3),0) -> 0.266 | AU51: =IF($W51>0,IF(AT51>0.8999,"Study 1", "OK"),"OK") -> OK | AV51: =V51+W51 -> 0 | AW51: =IF(AK51>0, ROUND(AV51/AK51,3),0) -> #REF! | AX51: =IF(AND(V51=0, AV51>0), "DATA1", IF(OR(AV51>AL51,BI51>0), IF(Y51="CONC. (ART-PLAN)", "STUDY 1", "STUDY 2"), "OK")) -> #REF! | BA51: =IF(AG51>0, X51/AG51, 0) -> 0 | BB51: =IF(AM51>AF51,1,0) -> 1 | BC51: =SUMIF(#REF!,#REF!, BB20:BB333) -> #REF! | BD51: =IF(AP51>AH51,1,0) -> 1 | BE51: =SUMIF(#REF!,#REF!, BD20:BD333) -> #REF! | BF51: =IF(AS51>AJ51,1,0) -> 0 | BG51: =SUMIF(#REF!,#REF!, BF20:BF333) -> #REF! | BH51: =IF(AV51>AL51,1,0) -> #REF! | BI51: =SUMIF(B20:B333, B51, BH20:BH333) -> 0
A52: 2005 | C52: CORTEZ BLVD (SR50) | D52: US19 (SR55) | E52: DELTONA BLVD | F52: 6D | H52: 6D | I52: Y | J52: H | N52: 28167 | O52: 29130 | P52: 29773 | R52: 0.09 | S52: 2535 | T52: 2622 | U52: 2680 | V52: =ROUND(R52*Q52,0) -> 0 | Y52: GEN. TABLES | Z52: ='[1]Tier 1'!V52 -> C | AE52: ='[1]Tier 1'!W52 -> 5250 | AG52: ='[1]Tier 1'!X52 -> 5250 | AI52: ='[1]Tier 1'!Y52 -> 5250 | AJ52: =AI52 * 0.9 -> 4725 | AK52: =VLOOKUP(A52,#REF!,-1,FALSE) -> #REF! | AL52: =AK52 * 0.9 -> #REF! | AM52: =S52+W52 -> 2535 | AN52: =IF(AE52>0, ROUND(AM52/AE52,3),0) -> 0.483 | AO52: =IF($W52>0,IF(AN52>0.8999,"Study 1", "OK"),"OK") -> OK | AP52: =T52+W52 -> 2622 | AQ52: =IF(AG52>0, ROUND(AP52/AG52,3),0) -> 0.499 | AR52: =IF($W52>0,IF(AQ52>0.8999,"Study 1", "OK"),"OK") -> OK | AS52: =U52+W52 -> 2680 | AT52: =IF(AI52>0, ROUND(AS52/AI52,3),0) -> 0.51 | AU52: =IF($W52>0,IF(AT52>0.8999,"Study 1", "OK"),"OK") -> OK | AV52: =V52+W52 -> 0 | AW52: =IF(AK52>0, ROUND(AV52/AK52,3),0) -> #REF! | AX52: =IF(AND(V52=0, AV52>0), "DATA1", IF(OR(AV52>AL52,BI52>0), IF(Y52="CONC. (ART-PLAN)", "STUDY 1", "STUDY 2"), "OK")) -> #REF! | BA52: =IF(AG52>0, X52/AG52, 0) -> 0 | BB52: =IF(AM52>AF52,1,0) -> 1 | BC52: =SUMIF(#REF!,#REF!, BB20:BB333) -> #REF! | BD52: =IF(AP52>AH52,1,0) -> 1 | BE52: =SUMIF(#REF!,#REF!, BD20:BD333) -> #REF! | BF52: =IF(AS52>AJ52,1,0) -> 0 | BG52: =SUMIF(#REF!,#REF!, BF20:BF333) -> #REF! | BH52: =IF(AV52>AL52,1,0) -> #REF! | BI52: =SUMIF(B20:B333, B52, BH20:BH333) -> 0
A53: 2010 | C53: CORTEZ BLVD (SR50) | D53: DELTONA BLVD | E53: NIGHTWALKER RD | F53: 6D | H53: 6D | I53: Y | J53: H | N53: 31863 | O53: 33813 | P53: 35179 | R53: 0.09 | S53: 2868 | T53: 3043 | U53: 3166 | V53: =ROUND(R53*Q53,0) -> 0 | Y53: GEN. TABLES | Z53: ='[1]Tier 1'!V53 -> C | AE53: ='[1]Tier 1'!W53 -> 5250 | AG53: ='[1]Tier 1'!X53 -> 5250 | AI53: ='[1]Tier 1'!Y53 -> 5250 | AJ53: =AI53 * 0.9 -> 4725 | AK53: =VLOOKUP(A53,#REF!,-1,FALSE) -> #REF! | AL53: =AK53 * 0.9 -> #REF! | AM53: =S53+W53 -> 2868 | AN53: =IF(AE53>0, ROUND(AM53/AE53,3),0) -> 0.546 | AO53: =IF($W53>0,IF(AN53>0.8999,"Study 1", "OK"),"OK") -> OK | AP53: =T53+W53 -> 3043 | AQ53: =IF(AG53>0, ROUND(AP53/AG53,3),0) -> 0.58 | AR53: =IF($W53>0,IF(AQ53>0.8999,"Study 1", "OK"),"OK") -> OK | AS53: =U53+W53 -> 3166 | AT53: =IF(AI53>0, ROUND(AS53/AI53,3),0) -> 0.603 | AU53: =IF($W53>0,IF(AT53>0.8999,"Study 1", "OK"),"OK") -> OK | AV53: =V53+W53 -> 0 | AW53: =IF(AK53>0, ROUND(AV53/AK53,3),0) -> #REF! | AX53: =IF(AND(V53=0, AV53>0), "DATA1", IF(OR(AV53>AL53,BI53>0), IF(Y53="CONC. (ART-PLAN)", "STUDY 1", "STUDY 2"), "OK")) -> #REF! | BA53: =IF(AG53>0, X53/AG53, 0) -> 0 | BB53: =IF(AM53>AF53,1,0) -> 1 | BC53: =SUMIF(#REF!,#REF!, BB20:BB333) -> #REF! | BD53: =IF(AP53>AH53,1,0) -> 1 | BE53: =SUMIF(#REF!,#REF!, BD20:BD333) -> #REF! | BF53: =IF(AS53>AJ53,1,0) -> 0 | BG53: =SUMIF(#REF!,#REF!, BF20:BF333) -> #REF! | BH53: =IF(AV53>AL53,1,0) -> #REF! | BI53: =SUMIF(B20:B333, B53, BH20:BH333) -> 0
A54: 2015 | C54: CORTEZ BLVD (SR50) | D54: NIGHTWALKER RD | E54: OAK HILL HOSPITAL | F54: 6D | H54: 6D | I54: Y | J54: H | N54: 38665 | O54: 41031 | P54: 42689 | R54: 0.09 | S54: 3480 | T54: 3693 | U54: 3842 | V54: =ROUND(R54*Q54,0) -> 0 | Y54: GEN. TABLES | Z54: ='[1]Tier 1'!V54 -> C | AE54: ='[1]Tier 1'!W54 -> 5250 | AG54: ='[1]Tier 1'!X54 -> 5250 | AI54: ='[1]Tier 1'!Y54 -> 5250 | AJ54: =AI54 * 0.9 -> 4725 | AK54: =VLOOKUP(A54,#REF!,-1,FALSE) -> #REF! | AL54: =AK54 * 0.9 -> #REF! | AM54: =S54+W54 -> 3480 | AN54: =IF(AE54>0, ROUND(AM54/AE54,3),0) -> 0.663 | AO54: =IF($W54>0,IF(AN54>0.8999,"Study 1", "OK"),"OK") -> OK | AP54: =T54+W54 -> 3693 | AQ54: =IF(AG54>0, ROUND(AP54/AG54,3),0) -> 0.703 | AR54: =IF($W54>0,IF(AQ54>0.8999,"Study 1", "OK"),"OK") -> OK | AS54: =U54+W54 -> 3842 | AT54: =IF(AI54>0, ROUND(AS54/AI54,3),0) -> 0.732 | AU54: =IF($W54>0,IF(AT54>0.8999,"Study 1", "OK"),"OK") -> OK | AV54: =V54+W54 -> 0 | AW54: =IF(AK54>0, ROUND(AV54/AK54,3),0) -> #REF! | AX54: =IF(AND(V54=0, AV54>0), "DATA1", IF(OR(AV54>AL54,BI54>0), IF(Y54="CONC. (ART-PLAN)", "STUDY 1", "STUDY 2"), "OK")) -> #REF! | BA54: =IF(AG54>0, X54/AG54, 0) -> 0 | BB54: =IF(AM54>AF54,1,0) -> 1 | BC54: =SUMIF(#REF!,#REF!, BB20:BB333) -> #REF! | BD54: =IF(AP54>AH54,1,0) -> 1 | BE54: =SUMIF(#REF!,#REF!, BD20:BD333) -> #REF! | BF54: =IF(AS54>AJ54,1,0) -> 0 | BG54: =SUMIF(#REF!,#REF!, BF20:BF333) -> #REF! | BH54: =IF(AV54>AL54,1,0) -> #REF! | BI54: =SUMIF(B20:B333, B54, BH20:BH333) -> 0
A55: 2020 | C55: CORTEZ BLVD (SR50) | D55: OAK HILL HOSPITAL | E55: HIGHPOINT BLVD | F55: 6D | H55: 6D | I55: Y | J55: H | N55: 38665 | O55: 41031 | P55: 42689 | R55: 0.09 | S55: 3480 | T55: 3693 | U55: 3842 | V55: =ROUND(R55*Q55,0) -> 0 | Y55: GEN. TABLES | Z55: ='[1]Tier 1'!V55 -> C | AE55: ='[1]Tier 1'!W55 -> 5250 | AG55: ='[1]Tier 1'!X55 -> 5250 | AI55: ='[1]Tier 1'!Y55 -> 5250 | AJ55: =AI55 * 0.9 -> 4725 | AK55: =VLOOKUP(A55,#REF!,-1,FALSE) -> #REF! | AL55: =AK55 * 0.9 -> #REF! | AM55: =S55+W55 -> 3480 | AN55: =IF(AE55>0, ROUND(AM55/AE55,3),0) -> 0.663 | AO55: =IF($W55>0,IF(AN55>0.8999,"Study 1", "OK"),"OK") -> OK | AP55: =T55+W55 -> 3693 | AQ55: =IF(AG55>0, ROUND(AP55/AG55,3),0) -> 0.703 | AR55: =IF($W55>0,IF(AQ55>0.8999,"Study 1", "OK"),"OK") -> OK | AS55: =U55+W55 -> 3842 | AT55: =IF(AI55>0, ROUND(AS55/AI55,3),0) -> 0.732 | AU55: =IF($W55>0,IF(AT55>0.8999,"Study 1", "OK"),"OK") -> OK | AV55: =V55+W55 -> 0 | AW55: =IF(AK55>0, ROUND(AV55/AK55,3),0) -> #REF! | AX55: =IF(AND(V55=0, AV55>0), "DATA1", IF(OR(AV55>AL55,BI55>0), IF(Y55="CONC. (ART-PLAN)", "STUDY 1", "STUDY 2"), "OK")) -> #REF! | BA55: =IF(AG55>0, X55/AG55, 0) -> 0 | BB55: =IF(AM55>AF55,1,0) -> 1 | BC55: =SUMIF(#REF!,#REF!, BB20:BB333) -> #REF! | BD55: =IF(AP55>AH55,1,0) -> 1 | BE55: =SUMIF(#REF!,#REF!, BD20:BD333) -> #REF! | BF55: =IF(AS55>AJ55,1,0) -> 0 | BG55: =SUMIF(#REF!,#REF!, BF20:BF333) -> #REF! | BH55: =IF(AV55>AL55,1,0) -> #REF! | BI55: =SUMIF(B20:B333, B55, BH20:BH333) -> 0
A56: 2025 | C56: CORTEZ BLVD (SR50) | D56: HIGHPOINT BLVD | E56: MARINER BLVD | F56: 6D | H56: 6D | I56: Y | J56: H | N56: 38665 | O56: 41031 | P56: 42689 | R56: 0.09 | S56: 3480 | T56: 3693 | U56: 3842 | V56: =ROUND(R56*Q56,0) -> 0 | Y56: GEN. TABLES | Z56: ='[1]Tier 1'!V56 -> C | AE56: ='[1]Tier 1'!W56 -> 5250 | AG56: ='[1]Tier 1'!X56 -> 5250 | AI56: ='[1]Tier 1'!Y56 -> 5250 | AJ56: =AI56 * 0.9 -> 4725 | AK56: =VLOOKUP(A56,#REF!,-1,FALSE) -> #REF! | AL56: =AK56 * 0.9 -> #REF! | AM56: =S56+W56 -> 3480 | AN56: =IF(AE56>0, ROUND(AM56/AE56,3),0) -> 0.663 | AO56: =IF($W56>0,IF(AN56>0.8999,"Study 1", "OK"),"OK") -> OK | AP56: =T56+W56 -> 3693 | AQ56: =IF(AG56>0, ROUND(AP56/AG56,3),0) -> 0.703 | AR56: =IF($W56>0,IF(AQ56>0.8999,"Study 1", "OK"),"OK") -> OK | AS56: =U56+W56 -> 3842 | AT56: =IF(AI56>0, ROUND(AS56/AI56,3),0) -> 0.732 | AU56: =IF($W56>0,IF(AT56>0.8999,"Study 1", "OK"),"OK") -> OK | AV56: =V56+W56 -> 0 | AW56: =IF(AK56>0, ROUND(AV56/AK56,3),0) -> #REF! | AX56: =IF(AND(V56=0, AV56>0), "DATA1", IF(OR(AV56>AL56,BI56>0), IF(Y56="CONC. (ART-PLAN)", "STUDY 1", "STUDY 2"), "OK")) -> #REF! | BA56: =IF(AG56>0, X56/AG56, 0) -> 0 | BB56: =IF(AM56>AF56,1,0) -> 1 | BC56: =SUMIF(#REF!,#REF!, BB20:BB333) -> #REF! | BD56: =IF(AP56>AH56,1,0) -> 1 | BE56: =SUMIF(#REF!,#REF!, BD20:BD333) -> #REF! | BF56: =IF(AS56>AJ56,1,0) -> 0 | BG56: =SUMIF(#REF!,#REF!, BF20:BF333) -> #REF! | BH56: =IF(AV56>AL56,1,0) -> #REF! | BI56: =SUMIF(B20:B333, B56, BH20:BH333) -> 0
A57: 2030.1 | C57: CORTEZ BLVD (SR50) | D57: MARINER BLVD | E57: CHAMBORD | F57: 6D | H57: 6D | I57: Y | J57: H | N57: 59633 | O57: 53652 | P57: 49664 | R57: 0.09 | S57: 5367 | T57: 4829 | U57: 4470 | V57: =ROUND(R57*Q57,0) -> 0 | Y57: GEN. TABLES | Z57: ='[1]Tier 1'!V57 -> C | AE57: ='[1]Tier 1'!W57 -> 5250 | AG57: ='[1]Tier 1'!X57 -> 5250 | AI57: ='[1]Tier 1'!Y57 -> 5250 | AJ57: =AI57 * 0.9 -> 4725 | AK57: =VLOOKUP(A57,#REF!,-1,FALSE) -> #REF! | AL57: =AK57 * 0.9 -> #REF! | AM57: =S57+W57 -> 5367 | AN57: =IF(AE57>0, ROUND(AM57/AE57,3),0) -> 1.022 | AO57: =IF($W57>0,IF(AN57>0.8999,"Study 1", "OK"),"OK") -> OK | AP57: =T57+W57 -> 4829 | AQ57: =IF(AG57>0, ROUND(AP57/AG57,3),0) -> 0.92 | AR57: =IF($W57>0,IF(AQ57>0.8999,"Study 1", "OK"),"OK") -> OK | AS57: =U57+W57 -> 4470 | AT57: =IF(AI57>0, ROUND(AS57/AI57,3),0) -> 0.851 | AU57: =IF($W57>0,IF(AT57>0.8999,"Study 1", "OK"),"OK") -> OK | AV57: =V57+W57 -> 0 | AW57: =IF(AK57>0, ROUND(AV57/AK57,3),0) -> #REF! | AX57: =IF(AND(V57=0, AV57>0), "DATA1", IF(OR(AV57>AL57,BI57>0), IF(Y57="CONC. (ART-PLAN)", "STUDY 1", "STUDY 2"), "OK")) -> #REF! | BA57: =IF(AG57>0, X57/AG57, 0) -> 0 | BB57: =IF(AM57>AF57,1,0) -> 1 | BC57: =SUMIF(#REF!,#REF!, BB20:BB333) -> #REF! | BD57: =IF(AP57>AH57,1,0) -> 1 | BE57: =SUMIF(#REF!,#REF!, BD20:BD333) -> #REF! | BF57: =IF(AS57>AJ57,1,0) -> 0 | BG57: =SUMIF(#REF!,#REF!, BF20:BF333) -> #REF! | BH57: =IF(AV57>AL57,1,0) -> #REF! | BI57: =SUMIF(B20:B333, B57, BH20:BH333) -> 0
A58: 2030.2 | C58: CORTEZ BLVD (SR50) | D58: CHAMBORD | E58: SUNSHINE GROVE RD | F58: 6D | H58: 6D | I58: Y | J58: H | N58: 59633 | O58: 53652 | P58: 49664 | R58: 0.09 | S58: 5367 | T58: 4829 | U58: 4470 | V58: =ROUND(R58*Q58,0) -> 0 | Y58: GEN. TABLES | Z58: ='[1]Tier 1'!V58 -> C | AE58: ='[1]Tier 1'!W58 -> 5250 | AG58: ='[1]Tier 1'!X58 -> 5250 | AI58: ='[1]Tier 1'!Y58 -> 5250 | AJ58: =AI58 * 0.9 -> 4725 | AK58: =VLOOKUP(A58,#REF!,-1,FALSE) -> #REF! | AL58: =AK58 * 0.9 -> #REF! | AM58: =S58+W58 -> 5367 | AN58: =IF(AE58>0, ROUND(AM58/AE58,3),0) -> 1.022 | AO58: =IF($W58>0,IF(AN58>0.8999,"Study 1", "OK"),"OK") -> OK | AP58: =T58+W58 -> 4829 | AQ58: =IF(AG58>0, ROUND(AP58/AG58,3),0) -> 0.92 | AR58: =IF($W58>0,IF(AQ58>0.8999,"Study 1", "OK"),"OK") -> OK | AS58: =U58+W58 -> 4470 | AT58: =IF(AI58>0, ROUND(AS58/AI58,3),0) -> 0.851 | AU58: =IF($W58>0,IF(AT58>0.8999,"Study 1", "OK"),"OK") -> OK | AV58: =V58+W58 -> 0 | AW58: =IF(AK58>0, ROUND(AV58/AK58,3),0) -> #REF! | AX58: =IF(AND(V58=0, AV58>0), "DATA1", IF(OR(AV58>AL58,BI58>0), IF(Y58="CONC. (ART-PLAN)", "STUDY 1", "STUDY 2"), "OK")) -> #REF! | BA58: =IF(AG58>0, X58/AG58, 0) -> 0 | BB58: =IF(AM58>AF58,1,0) -> 1 | BC58: =SUMIF(#REF!,#REF!, BB20:BB333) -> #REF! | BD58: =IF(AP58>AH58,1,0) -> 1 | BE58: =SUMIF(#REF!,#REF!, BD20:BD333) -> #REF! | BF58: =IF(AS58>AJ58,1,0) -> 0 | BG58: =SUMIF(#REF!,#REF!, BF20:BF333) -> #REF! | BH58: =IF(AV58>AL58,1,0) -> #REF! | BI58: =SUMIF(B20:B333, B58, BH20:BH333) -> 0
A59: 2035 | C59: CORTEZ BLVD (SR50) | D59: SUNSHINE GROVE RD | E59: BARCLAY AVE | F59: 6D | H59: 6D | I59: Y | J59: H | N59: 59633 | O59: 53652 | P59: 49664 | R59: 0.09 | S59: 5367 | T59: 4829 | U59: 4470 | V59: =ROUND(R59*Q59,0) -> 0 | Y59: GEN. TABLES | Z59: ='[1]Tier 1'!V59 -> C | AE59: ='[1]Tier 1'!W59 -> 5250 | AG59: ='[1]Tier 1'!X59 -> 5250 | AI59: ='[1]Tier 1'!Y59 -> 5250 | AJ59: =AI59 * 0.9 -> 4725 | AK59: =VLOOKUP(A59,#REF!,-1,FALSE) -> #REF! | AL59: =AK59 * 0.9 -> #REF! | AM59: =S59+W59 -> 5367 | AN59: =IF(AE59>0, ROUND(AM59/AE59,3),0) -> 1.022 | AO59: =IF($W59>0,IF(AN59>0.8999,"Study 1", "OK"),"OK") -> OK | AP59: =T59+W59 -> 4829 | AQ59: =IF(AG59>0, ROUND(AP59/AG59,3),0) -> 0.92 | AR59: =IF($W59>0,IF(AQ59>0.8999,"Study 1", "OK"),"OK") -> OK | AS59: =U59+W59 -> 4470 | AT59: =IF(AI59>0, ROUND(AS59/AI59,3),0) -> 0.851 | AU59: =IF($W59>0,IF(AT59>0.8999,"Study 1", "OK"),"OK") -> OK | AV59: =V59+W59 -> 0 | AW59: =IF(AK59>0, ROUND(AV59/AK59,3),0) -> #REF! | AX59: =IF(AND(V59=0, AV59>0), "DATA1", IF(OR(AV59>AL59,BI59>0), IF(Y59="CONC. (ART-PLAN)", "STUDY 1", "STUDY 2"), "OK")) -> #REF! | BA59: =IF(AG59>0, X59/AG59, 0) -> 0 | BB59: =IF(AM59>AF59,1,0) -> 1 | BC59: =SUMIF(#REF!,#REF!, BB20:BB333) -> #REF! | BD59: =IF(AP59>AH59,1,0) -> 1 | BE59: =SUMIF(#REF!,#REF!, BD20:BD333) -> #REF! | BF59: =IF(AS59>AJ59,1,0) -> 0 | BG59: =SUMIF(#REF!,#REF!, BF20:BF333) -> #REF! | BH59: =IF(AV59>AL59,1,0) -> #REF! | BI59: =SUMIF(B20:B333, B59, BH20:BH333) -> 0
A60: 2040.3 | C60: CORTEZ BLVD (SR50) | D60: BARCLAY AVE | E60: GROVE RD | F60: 6D | H60: 6D | I60: Y | J60: H | N60: 35700 | O60: 37885 | P60: 39416 | R60: 0.09 | S60: 3213 | T60: 3410 | U60: 3547 | V60: =ROUND(R60*Q60,0) -> 0 | Y60: GEN. TABLES | Z60: ='[1]Tier 1'!V60 -> C | AE60: ='[1]Tier 1'!W60 -> 5250 | AG60: ='[1]Tier 1'!X60 -> 5250 | AI60: ='[1]Tier 1'!Y60 -> 5250 | AJ60: =AI60 * 0.9 -> 4725 | AK60: =VLOOKUP(A60,#REF!,-1,FALSE) -> #REF! | AL60: =AK60 * 0.9 -> #REF! | AM60: =S60+W60 -> 3213 | AN60: =IF(AE60>0, ROUND(AM60/AE60,3),0) -> 0.612 | AO60: =IF($W60>0,IF(AN60>0.8999,"Study 1", "OK"),"OK") -> OK | AP60: =T60+W60 -> 3410 | AQ60: =IF(AG60>0, ROUND(AP60/AG60,3),0) -> 0.65 | AR60: =IF($W60>0,IF(AQ60>0.8999,"Study 1", "OK"),"OK") -> OK | AS60: =U60+W60 -> 3547 | AT60: =IF(AI60>0, ROUND(AS60/AI60,3),0) -> 0.676 | AU60: =IF($W60>0,IF(AT60>0.8999,"Study 1", "OK"),"OK") -> OK | AV60: =V60+W60 -> 0 | AW60: =IF(AK60>0, ROUND(AV60/AK60,3),0) -> #REF! | AX60: =IF(AND(V60=0, AV60>0), "DATA1", IF(OR(AV60>AL60,BI60>0), IF(Y60="CONC. (ART-PLAN)", "STUDY 1", "STUDY 2"), "OK")) -> #REF! | BA60: =IF(AG60>0, X60/AG60, 0) -> 0 | BB60: =IF(AM60>AF60,1,0) -> 1 | BC60: =SUMIF(#REF!,#REF!, BB20:BB333) -> #REF! | BD60: =IF(AP60>AH60,1,0) -> 1 | BE60: =SUMIF(#REF!,#REF!, BD20:BD333) -> #REF! | BF60: =IF(AS60>AJ60,1,0) -> 0 | BG60: =SUMIF(#REF!,#REF!, BF20:BF333) -> #REF! | BH60: =IF(AV60>AL60,1,0) -> #REF! | BI60: =SUMIF(B20:B333, B60, BH20:BH333) -> 0
A61: 2040.5 | C61: CORTEZ BLVD (SR50) | D61: GROVE RD | E61: S SUNCOAST PKWY RAMP | F61: 6D | H61: 4D | I61: Y | J61: H | N61: 35700 | O61: 37885 | P61: 39416 | R61: 0.09 | S61: 3213 | T61: 3410 | U61: 3547 | V61: =ROUND(R61*Q61,0) -> 0 | Y61: GEN. TABLES | Z61: ='[1]Tier 1'!V61 -> C | AE61: ='[1]Tier 1'!W61 -> 5250 | AG61: ='[1]Tier 1'!X61 -> 5250 | AI61: ='[1]Tier 1'!Y61 -> 5250 | AJ61: =AI61 * 0.9 -> 4725 | AK61: =VLOOKUP(A61,#REF!,-1,FALSE) -> #REF! | AL61: =AK61 * 0.9 -> #REF! | AM61: =S61+W61 -> 3213 | AN61: =IF(AE61>0, ROUND(AM61/AE61,3),0) -> 0.612 | AO61: =IF($W61>0,IF(AN61>0.8999,"Study 1", "OK"),"OK") -> OK | AP61: =T61+W61 -> 3410 | AQ61: =IF(AG61>0, ROUND(AP61/AG61,3),0) -> 0.65 | AR61: =IF($W61>0,IF(AQ61>0.8999,"Study 1", "OK"),"OK") -> OK | AS61: =U61+W61 -> 3547 | AT61: =IF(AI61>0, ROUND(AS61/AI61,3),0) -> 0.676 | AU61: =IF($W61>0,IF(AT61>0.8999,"Study 1", "OK"),"OK") -> OK | AV61: =V61+W61 -> 0 | AW61: =IF(AK61>0, ROUND(AV61/AK61,3),0) -> #REF! | AX61: =IF(AND(V61=0, AV61>0), "DATA1", IF(OR(AV61>AL61,BI61>0), IF(Y61="CONC. (ART-PLAN)", "STUDY 1", "STUDY 2"), "OK")) -> #REF! | BA61: =IF(AG61>0, X61/AG61, 0) -> 0 | BB61: =IF(AM61>AF61,1,0) -> 1 | BC61: =SUMIF(#REF!,#REF!, BB20:BB333) -> #REF! | BD61: =IF(AP61>AH61,1,0) -> 1 | BE61: =SUMIF(#REF!,#REF!, BD20:BD333) -> #REF! | BF61: =IF(AS61>AJ61,1,0) -> 0 | BG61: =SUMIF(#REF!,#REF!, BF20:BF333) -> #REF! | BH61: =IF(AV61>AL61,1,0) -> #REF! | BI61: =SUMIF(B20:B333, B61, BH20:BH333) -> 0
A62: 20565 | C62: CORTEZ BLVD (SR50) | D62: S SUNCOAST PKWY RAMP | E62: N SUNCOAST PKWY RAMP | F62: 6D | H62: 4D | I62: Y | J62: H | N62: 35700 | O62: 37885 | P62: 39416 | R62: 0.09 | S62: 3213 | T62: 3410 | U62: 3547 | V62: =ROUND(R62*Q62,0) -> 0 | Y62: GEN. TABLES | Z62: ='[1]Tier 1'!V62 -> C | AE62: ='[1]Tier 1'!W62 -> 5250 | AG62: ='[1]Tier 1'!X62 -> 5250 | AI62: ='[1]Tier 1'!Y62 -> 5250 | AJ62: =AI62 * 0.9 -> 4725 | AK62: =VLOOKUP(A62,#REF!,-1,FALSE) -> #REF! | AL62: =AK62 * 0.9 -> #REF! | AM62: =S62+W62 -> 3213 | AN62: =IF(AE62>0, ROUND(AM62/AE62,3),0) -> 0.612 | AO62: =IF($W62>0,IF(AN62>0.8999,"Study 1", "OK"),"OK") -> OK | AP62: =T62+W62 -> 3410 | AQ62: =IF(AG62>0, ROUND(AP62/AG62,3),0) -> 0.65 | AR62: =IF($W62>0,IF(AQ62>0.8999,"Study 1", "OK"),"OK") -> OK | AS62: =U62+W62 -> 3547 | AT62: =IF(AI62>0, ROUND(AS62/AI62,3),0) -> 0.676 | AU62: =IF($W62>0,IF(AT62>0.8999,"Study 1", "OK"),"OK") -> OK | AV62: =V62+W62 -> 0 | AW62: =IF(AK62>0, ROUND(AV62/AK62,3),0) -> #REF! | AX62: =IF(AND(V62=0, AV62>0), "DATA1", IF(OR(AV62>AL62,BI62>0), IF(Y62="CONC. (ART-PLAN)", "STUDY 1", "STUDY 2"), "OK")) -> #REF! | BA62: =IF(AG62>0, X62/AG62, 0) -> 0 | BB62: =IF(AM62>AF62,1,0) -> 1 | BC62: =SUMIF(#REF!,#REF!, BB20:BB333) -> #REF! | BD62: =IF(AP62>AH62,1,0) -> 1 | BE62: =SUMIF(#REF!,#REF!, BD20:BD333) -> #REF! | BF62: =IF(AS62>AJ62,1,0) -> 0 | BG62: =SUMIF(#REF!,#REF!, BF20:BF333) -> #REF! | BH62: =IF(AV62>AL62,1,0) -> #REF! | BI62: =SUMIF(B20:B333, B62, BH20:BH333) -> 0
A63: 20570 | C63: CORTEZ BLVD (SR50) | D63: N SUNCOAST PKWY RAMP | E63: SUMMER ST | F63: 4D | H63: 4D | I63: Y | J63: H | N63: 25500 | O63: 27061 | P63: 28154 | R63: 0.09 | S63: 2295 | T63: 2435 | U63: 2534 | V63: =ROUND(R63*Q63,0) -> 0 | Y63: GEN. TABLES | Z63: ='[1]Tier 1'!V63 -> C | AE63: ='[1]Tier 1'!W63 -> 3420 | AG63: ='[1]Tier 1'!X63 -> 3420 | AI63: ='[1]Tier 1'!Y63 -> 3420 | AJ63: =AI63 * 0.9 -> 3078 | AK63: =VLOOKUP(A63,#REF!,-1,FALSE) -> #REF! | AL63: =AK63 * 0.9 -> #REF! | AM63: =S63+W63 -> 2295 | AN63: =IF(AE63>0, ROUND(AM63/AE63,3),0) -> 0.671 | AO63: =IF($W63>0,IF(AN63>0.8999,"Study 1", "OK"),"OK") -> OK | AP63: =T63+W63 -> 2435 | AQ63: =IF(AG63>0, ROUND(AP63/AG63,3),0) -> 0.712 | AR63: =IF($W63>0,IF(AQ63>0.8999,"Study 1", "OK"),"OK") -> OK | AS63: =U63+W63 -> 2534 | AT63: =IF(AI63>0, ROUND(AS63/AI63,3),0) -> 0.741 | AU63: =IF($W63>0,IF(AT63>0.8999,"Study 1", "OK"),"OK") -> OK | AV63: =V63+W63 -> 0 | AW63: =IF(AK63>0, ROUND(AV63/AK63,3),0) -> #REF! | AX63: =IF(AND(V63=0, AV63>0), "DATA1", IF(OR(AV63>AL63,BI63>0), IF(Y63="CONC. (ART-PLAN)", "STUDY 1", "STUDY 2"), "OK")) -> #REF! | BA63: =IF(AG63>0, X63/AG63, 0) -> 0 | BB63: =IF(AM63>AF63,1,0) -> 1 | BC63: =SUMIF(#REF!,#REF!, BB20:BB333) -> #REF! | BD63: =IF(AP63>AH63,1,0) -> 1 | BE63: =SUMIF(#REF!,#REF!, BD20:BD333) -> #REF! | BF63: =IF(AS63>AJ63,1,0) -> 0 | BG63: =SUMIF(#REF!,#REF!, BF20:BF333) -> #REF! | BH63: =IF(AV63>AL63,1,0) -> #REF! | BI63: =SUMIF(B20:B333, B63, BH20:BH333) -> 0
A64: 2043 | C64: CORTEZ BLVD (SR50) | D64: SUMMER ST | E64: WISCON RD | F64: 4D | H64: 4D | I64: Y | J64: H | N64: 25500 | O64: 27061 | P64: 28154 | R64: 0.09 | S64: 2295 | T64: 2435 | U64: 2534 | V64: =ROUND(R64*Q64,0) -> 0 | Y64: GEN. TABLES | Z64: ='[1]Tier 1'!V64 -> C | AE64: ='[1]Tier 1'!W64 -> 3420 | AG64: ='[1]Tier 1'!X64 -> 3420 | AI64: ='[1]Tier 1'!Y64 -> 3420 | AJ64: =AI64 * 0.9 -> 3078 | AK64: =VLOOKUP(A64,#REF!,-1,FALSE) -> #REF! | AL64: =AK64 * 0.9 -> #REF! | AM64: =S64+W64 -> 2295 | AN64: =IF(AE64>0, ROUND(AM64/AE64,3),0) -> 0.671 | AO64: =IF($W64>0,IF(AN64>0.8999,"Study 1", "OK"),"OK") -> OK | AP64: =T64+W64 -> 2435 | AQ64: =IF(AG64>0, ROUND(AP64/AG64,3),0) -> 0.712 | AR64: =IF($W64>0,IF(AQ64>0.8999,"Study 1", "OK"),"OK") -> OK | AS64: =U64+W64 -> 2534 | AT64: =IF(AI64>0, ROUND(AS64/AI64,3),0) -> 0.741 | AU64: =IF($W64>0,IF(AT64>0.8999,"Study 1", "OK"),"OK") -> OK | AV64: =V64+W64 -> 0 | AW64: =IF(AK64>0, ROUND(AV64/AK64,3),0) -> #REF! | AX64: =IF(AND(V64=0, AV64>0), "DATA1", IF(OR(AV64>AL64,BI64>0), IF(Y64="CONC. (ART-PLAN)", "STUDY 1", "STUDY 2"), "OK")) -> #REF! | BA64: =IF(AG64>0, X64/AG64, 0) -> 0 | BB64: =IF(AM64>AF64,1,0) -> 1 | BC64: =SUMIF(#REF!,#REF!, BB20:BB333) -> #REF! | BD64: =IF(AP64>AH64,1,0) -> 1 | BE64: =SUMIF(#REF!,#REF!, BD20:BD333) -> #REF! | BF64: =IF(AS64>AJ64,1,0) -> 0 | BG64: =SUMIF(#REF!,#REF!, BF20:BF333) -> #REF! | BH64: =IF(AV64>AL64,1,0) -> #REF! | BI64: =SUMIF(B20:B333, B64, BH20:BH333) -> 0
A65: 2045.1 | C65: CORTEZ BLVD (SR50) | D65: WISCON RD | E65: WINTER ST | F65: 4D | H65: 4D | I65: Y | J65: H | N65: 25500 | O65: 27061 | P65: 28154 | R65: 0.09 | S65: 2295 | T65: 2435 | U65: 2534 | V65: =ROUND(R65*Q65,0) -> 0 | Y65: GEN. TABLES | Z65: ='[1]Tier 1'!V65 -> C | AE65: ='[1]Tier 1'!W65 -> 3420 | AG65: ='[1]Tier 1'!X65 -> 3420 | AI65: ='[1]Tier 1'!Y65 -> 3420 | AJ65: =AI65 * 0.9 -> 3078 | AK65: =VLOOKUP(A65,#REF!,-1,FALSE) -> #REF! | AL65: =AK65 * 0.9 -> #REF! | AM65: =S65+W65 -> 2295 | AN65: =IF(AE65>0, ROUND(AM65/AE65,3),0) -> 0.671 | AO65: =IF($W65>0,IF(AN65>0.8999,"Study 1", "OK"),"OK") -> OK | AP65: =T65+W65 -> 2435 | AQ65: =IF(AG65>0, ROUND(AP65/AG65,3),0) -> 0.712 | AR65: =IF($W65>0,IF(AQ65>0.8999,"Study 1", "OK"),"OK") -> OK | AS65: =U65+W65 -> 2534 | AT65: =IF(AI65>0, ROUND(AS65/AI65,3),0) -> 0.741 | AU65: =IF($W65>0,IF(AT65>0.8999,"Study 1", "OK"),"OK") -> OK | AV65: =V65+W65 -> 0 | AW65: =IF(AK65>0, ROUND(AV65/AK65,3),0) -> #REF! | AX65: =IF(AND(V65=0, AV65>0), "DATA1", IF(OR(AV65>AL65,BI65>0), IF(Y65="CONC. (ART-PLAN)", "STUDY 1", "STUDY 2"), "OK")) -> #REF! | BA65: =IF(AG65>0, X65/AG65, 0) -> 0 | BB65: =IF(AM65>AF65,1,0) -> 1 | BC65: =SUMIF(#REF!,#REF!, BB20:BB333) -> #REF! | BD65: =IF(AP65>AH65,1,0) -> 1 | BE65: =SUMIF(#REF!,#REF!, BD20:BD333) -> #REF! | BF65: =IF(AS65>AJ65,1,0) -> 0 | BG65: =SUMIF(#REF!,#REF!, BF20:BF333) -> #REF! | BH65: =IF(AV65>AL65,1,0) -> #REF! | BI65: =SUMIF(B20:B333, B65, BH20:BH333) -> 0
A66: 2045.2 | C66: CORTEZ BLVD (SR50) | D66: WINTER ST | E66: FORT DADE AVE | F66: 4D | H66: 4D | I66: Y | J66: H | N66: 25500 | O66: 27061 | P66: 28154 | R66: 0.09 | S66: 2295 | T66: 2435 | U66: 2534 | V66: =ROUND(R66*Q66,0) -> 0 | Y66: GEN. TABLES | Z66: ='[1]Tier 1'!V66 -> C | AE66: ='[1]Tier 1'!W66 -> 3420 | AG66: ='[1]Tier 1'!X66 -> 3420 | AI66: ='[1]Tier 1'!Y66 -> 3420 | AJ66: =AI66 * 0.9 -> 3078 | AK66: =VLOOKUP(A66,#REF!,-1,FALSE) -> #REF! | AL66: =AK66 * 0.9 -> #REF! | AM66: =S66+W66 -> 2295 | AN66: =IF(AE66>0, ROUND(AM66/AE66,3),0) -> 0.671 | AO66: =IF($W66>0,IF(AN66>0.8999,"Study 1", "OK"),"OK") -> OK | AP66: =T66+W66 -> 2435 | AQ66: =IF(AG66>0, ROUND(AP66/AG66,3),0) -> 0.712 | AR66: =IF($W66>0,IF(AQ66>0.8999,"Study 1", "OK"),"OK") -> OK | AS66: =U66+W66 -> 2534 | AT66: =IF(AI66>0, ROUND(AS66/AI66,3),0) -> 0.741 | AU66: =IF($W66>0,IF(AT66>0.8999,"Study 1", "OK"),"OK") -> OK | AV66: =V66+W66 -> 0 | AW66: =IF(AK66>0, ROUND(AV66/AK66,3),0) -> #REF! | AX66: =IF(AND(V66=0, AV66>0), "DATA1", IF(OR(AV66>AL66,BI66>0), IF(Y66="CONC. (ART-PLAN)", "STUDY 1", "STUDY 2"), "OK")) -> #REF! | BA66: =IF(AG66>0, X66/AG66, 0) -> 0 | BB66: =IF(AM66>AF66,1,0) -> 1 | BC66: =SUMIF(#REF!,#REF!, BB20:BB333) -> #REF! | BD66: =IF(AP66>AH66,1,0) -> 1 | BE66: =SUMIF(#REF!,#REF!, BD20:BD333) -> #REF! | BF66: =IF(AS66>AJ66,1,0) -> 0 | BG66: =SUMIF(#REF!,#REF!, BF20:BF333) -> #REF! | BH66: =IF(AV66>AL66,1,0) -> #REF! | BI66: =SUMIF(B20:B333, B66, BH20:BH333) -> 0
A67: 2050 | C67: CORTEZ BLVD (SR50) | D67: FORT DADE AVE | E67: CALIFORNIA ST | F67: 4D | H67: 6D | I67: Y | J67: H | N67: 25500 | O67: 27061 | P67: 28154 | R67: 0.09 | S67: 2295 | T67: 2435 | U67: 2534 | V67: =ROUND(R67*Q67,0) -> 0 | Y67: GEN. TABLES | Z67: ='[1]Tier 1'!V67 -> C | AE67: ='[1]Tier 1'!W67 -> 3420 | AG67: ='[1]Tier 1'!X67 -> 3420 | AI67: ='[1]Tier 1'!Y67 -> 3420 | AJ67: =AI67 * 0.9 -> 3078 | AK67: =VLOOKUP(A67,#REF!,-1,FALSE) -> #REF! | AL67: =AK67 * 0.9 -> #REF! | AM67: =S67+W67 -> 2295 | AN67: =IF(AE67>0, ROUND(AM67/AE67,3),0) -> 0.671 | AO67: =IF($W67>0,IF(AN67>0.8999,"Study 1", "OK"),"OK") -> OK | AP67: =T67+W67 -> 2435 | AQ67: =IF(AG67>0, ROUND(AP67/AG67,3),0) -> 0.712 | AR67: =IF($W67>0,IF(AQ67>0.8999,"Study 1", "OK"),"OK") -> OK | AS67: =U67+W67 -> 2534 | AT67: =IF(AI67>0, ROUND(AS67/AI67,3),0) -> 0.741 | AU67: =IF($W67>0,IF(AT67>0.8999,"Study 1", "OK"),"OK") -> OK | AV67: =V67+W67 -> 0 | AW67: =IF(AK67>0, ROUND(AV67/AK67,3),0) -> #REF! | AX67: =IF(AND(V67=0, AV67>0), "DATA1", IF(OR(AV67>AL67,BI67>0), IF(Y67="CONC. (ART-PLAN)", "STUDY 1", "STUDY 2"), "OK")) -> #REF! | BA67: =IF(AG67>0, X67/AG67, 0) -> 0 | BB67: =IF(AM67>AF67,1,0) -> 1 | BC67: =SUMIF(#REF!,#REF!, BB20:BB333) -> #REF! | BD67: =IF(AP67>AH67,1,0) -> 1 | BE67: =SUMIF(#REF!,#REF!, BD20:BD333) -> #REF! | BF67: =IF(AS67>AJ67,1,0) -> 0 | BG67: =SUMIF(#REF!,#REF!, BF20:BF333) -> #REF! | BH67: =IF(AV67>AL67,1,0) -> #REF! | BI67: =SUMIF(B20:B333, B67, BH20:BH333) -> 0
A68: 2055 | C68: CORTEZ BLVD (SR50) | D68: CALIFORNIA ST | E68: COBB RD | F68: 4D | H68: 6D | I68: Y | J68: H | N68: 23668 | O68: 25116 | P68: 26131 | R68: 0.09 | S68: 2130 | T68: 2260 | U68: 2352 | V68: =ROUND(R68*Q68,0) -> 0 | Y68: GEN. TABLES | Z68: ='[1]Tier 1'!V68 -> C | AE68: ='[1]Tier 1'!W68 -> 3420 | AG68: ='[1]Tier 1'!X68 -> 3420 | AI68: ='[1]Tier 1'!Y68 -> 3420 | AJ68: =AI68 * 0.9 -> 3078 | AK68: =VLOOKUP(A68,#REF!,-1,FALSE) -> #REF! | AL68: =AK68 * 0.9 -> #REF! | AM68: =S68+W68 -> 2130 | AN68: =IF(AE68>0, ROUND(AM68/AE68,3),0) -> 0.623 | AO68: =IF($W68>0,IF(AN68>0.8999,"Study 1", "OK"),"OK") -> OK | AP68: =T68+W68 -> 2260 | AQ68: =IF(AG68>0, ROUND(AP68/AG68,3),0) -> 0.661 | AR68: =IF($W68>0,IF(AQ68>0.8999,"Study 1", "OK"),"OK") -> OK | AS68: =U68+W68 -> 2352 | AT68: =IF(AI68>0, ROUND(AS68/AI68,3),0) -> 0.688 | AU68: =IF($W68>0,IF(AT68>0.8999,"Study 1", "OK"),"OK") -> OK | AV68: =V68+W68 -> 0 | AW68: =IF(AK68>0, ROUND(AV68/AK68,3),0) -> #REF! | AX68: =IF(AND(V68=0, AV68>0), "DATA1", IF(OR(AV68>AL68,BI68>0), IF(Y68="CONC. (ART-PLAN)", "STUDY 1", "STUDY 2"), "OK")) -> #REF! | BA68: =IF(AG68>0, X68/AG68, 0) -> 0 | BB68: =IF(AM68>AF68,1,0) -> 1 | BC68: =SUMIF(#REF!,#REF!, BB20:BB333) -> #REF! | BD68: =IF(AP68>AH68,1,0) -> 1 | BE68: =SUMIF(#REF!,#REF!, BD20:BD333) -> #REF! | BF68: =IF(AS68>AJ68,1,0) -> 0 | BG68: =SUMIF(#REF!,#REF!, BF20:BF333) -> #REF! | BH68: =IF(AV68>AL68,1,0) -> #REF! | BI68: =SUMIF(B20:B333, B68, BH20:BH333) -> 0
A69: 10840 | C69: US19 (SR55) | D69: COUNTY LINE RD | E69: APPLEGATE DR | F69: 6D | H69: 6D | I69: Y | J69: H | N69: 39270 | O69: 38785 | P69: 39464 | R69: 0.09 | S69: 3534 | T69: 3491 | U69: 3552 | V69: =ROUND(R69*Q69,0) -> 0 | Y69: GEN. TABLES | Z69: ='[1]Tier 1'!V69 -> C | AE69: ='[1]Tier 1'!W69 -> 5250 | AG69: ='[1]Tier 1'!X69 -> 5250 | AI69: ='[1]Tier 1'!Y69 -> 5250 | AJ69: =AI69 * 0.9 -> 4725 | AK69: =VLOOKUP(A69,#REF!,-1,FALSE) -> #REF! | AL69: =AK69 * 0.9 -> #REF! | AM69: =S69+W69 -> 3534 | AN69: =IF(AE69>0, ROUND(AM69/AE69,3),0) -> 0.673 | AO69: =IF($W69>0,IF(AN69>0.8999,"Study 1", "OK"),"OK") -> OK | AP69: =T69+W69 -> 3491 | AQ69: =IF(AG69>0, ROUND(AP69/AG69,3),0) -> 0.665 | AR69: =IF($W69>0,IF(AQ69>0.8999,"Study 1", "OK"),"OK") -> OK | AS69: =U69+W69 -> 3552 | AT69: =IF(AI69>0, ROUND(AS69/AI69,3),0) -> 0.677 | AU69: =IF($W69>0,IF(AT69>0.8999,"Study 1", "OK"),"OK") -> OK | AV69: =V69+W69 -> 0 | AW69: =IF(AK69>0, ROUND(AV69/AK69,3),0) -> #REF! | AX69: =IF(AND(V69=0, AV69>0), "DATA1", IF(OR(AV69>AL69,BI69>0), IF(Y69="CONC. (ART-PLAN)", "STUDY 1", "STUDY 2"), "OK")) -> #REF! | BA69: =IF(AG69>0, X69/AG69, 0) -> 0 | BB69: =IF(AM69>AF69,1,0) -> 1 | BC69: =SUMIF(#REF!,#REF!, BB20:BB333) -> #REF! | BD69: =IF(AP69>AH69,1,0) -> 1 | BE69: =SUMIF(#REF!,#REF!, BD20:BD333) -> #REF! | BF69: =IF(AS69>AJ69,1,0) -> 0 | BG69: =SUMIF(#REF!,#REF!, BF20:BF333) -> #REF! | BH69: =IF(AV69>AL69,1,0) -> #REF! | BI69: =SUMIF(B20:B333, B69, BH20:BH333) -> 0
A70: 10850 | C70: US19 (SR55) | D70: APPLEGATE DR | E70: SPRING HILL DR | F70: 6D | H70: 6D | I70: Y | J70: H | N70: 39270 | O70: 38785 | P70: 39464 | R70: 0.09 | S70: 3534 | T70: 3491 | U70: 3552 | V70: =ROUND(R70*Q70,0) -> 0 | Y70: GEN. TABLES | Z70: ='[1]Tier 1'!V70 -> C | AE70: ='[1]Tier 1'!W70 -> 5250 | AG70: ='[1]Tier 1'!X70 -> 5250 | AI70: ='[1]Tier 1'!Y70 -> 5250 | AJ70: =AI70 * 0.9 -> 4725 | AK70: =VLOOKUP(A70,#REF!,-1,FALSE) -> #REF! | AL70: =AK70 * 0.9 -> #REF! | AM70: =S70+W70 -> 3534 | AN70: =IF(AE70>0, ROUND(AM70/AE70,3),0) -> 0.673 | AO70: =IF($W70>0,IF(AN70>0.8999,"Study 1", "OK"),"OK") -> OK | AP70: =T70+W70 -> 3491 | AQ70: =IF(AG70>0, ROUND(AP70/AG70,3),0) -> 0.665 | AR70: =IF($W70>0,IF(AQ70>0.8999,"Study 1", "OK"),"OK") -> OK | AS70: =U70+W70 -> 3552 | AT70: =IF(AI70>0, ROUND(AS70/AI70,3),0) -> 0.677 | AU70: =IF($W70>0,IF(AT70>0.8999,"Study 1", "OK"),"OK") -> OK | AV70: =V70+W70 -> 0 | AW70: =IF(AK70>0, ROUND(AV70/AK70,3),0) -> #REF! | AX70: =IF(AND(V70=0, AV70>0), "DATA1", IF(OR(AV70>AL70,BI70>0), IF(Y70="CONC. (ART-PLAN)", "STUDY 1", "STUDY 2"), "OK")) -> #REF! | BA70: =IF(AG70>0, X70/AG70, 0) -> 0 | BB70: =IF(AM70>AF70,1,0) -> 1 | BC70: =SUMIF(#REF!,#REF!, BB20:BB333) -> #REF! | BD70: =IF(AP70>AH70,1,0) -> 1 | BE70: =SUMIF(#REF!,#REF!, BD20:BD333) -> #REF! | BF70: =IF(AS70>AJ70,1,0) -> 0 | BG70: =SUMIF(#REF!,#REF!, BF20:BF333) -> #REF! | BH70: =IF(AV70>AL70,1,0) -> #REF! | BI70: =SUMIF(B20:B333, B70, BH20:BH333) -> 0
A71: 10860.3 | C71: US19 (SR55) | D71: SPRING HILL DR | E71: TRENTON | F71: 6D | H71: 6D | I71: Y | J71: H | N71: 44600 | O71: 46291 | P71: 47418 | R71: 0.09 | S71: 4014 | T71: 4166 | U71: 4268 | V71: =ROUND(R71*Q71,0) -> 0 | Y71: GEN. TABLES | Z71: ='[1]Tier 1'!V71 -> C | AE71: ='[1]Tier 1'!W71 -> 5250 | AG71: ='[1]Tier 1'!X71 -> 5250 | AI71: ='[1]Tier 1'!Y71 -> 5250 | AJ71: =AI71 * 0.9 -> 4725 | AK71: =VLOOKUP(A71,#REF!,-1,FALSE) -> #REF! | AL71: =AK71 * 0.9 -> #REF! | AM71: =S71+W71 -> 4014 | AN71: =IF(AE71>0, ROUND(AM71/AE71,3),0) -> 0.765 | AO71: =IF($W71>0,IF(AN71>0.8999,"Study 1", "OK"),"OK") -> OK | AP71: =T71+W71 -> 4166 | AQ71: =IF(AG71>0, ROUND(AP71/AG71,3),0) -> 0.794 | AR71: =IF($W71>0,IF(AQ71>0.8999,"Study 1", "OK"),"OK") -> OK | AS71: =U71+W71 -> 4268 | AT71: =IF(AI71>0, ROUND(AS71/AI71,3),0) -> 0.813 | AU71: =IF($W71>0,IF(AT71>0.8999,"Study 1", "OK"),"OK") -> OK | AV71: =V71+W71 -> 0 | AW71: =IF(AK71>0, ROUND(AV71/AK71,3),0) -> #REF! | AX71: =IF(AND(V71=0, AV71>0), "DATA1", IF(OR(AV71>AL71,BI71>0), IF(Y71="CONC. (ART-PLAN)", "STUDY 1", "STUDY 2"), "OK")) -> #REF! | BA71: =IF(AG71>0, X71/AG71, 0) -> 0 | BB71: =IF(AM71>AF71,1,0) -> 1 | BC71: =SUMIF(#REF!,#REF!, BB20:BB333) -> #REF! | BD71: =IF(AP71>AH71,1,0) -> 1 | BE71: =SUMIF(#REF!,#REF!, BD20:BD333) -> #REF! | BF71: =IF(AS71>AJ71,1,0) -> 0 | BG71: =SUMIF(#REF!,#REF!, BF20:BF333) -> #REF! | BH71: =IF(AV71>AL71,1,0) -> #REF! | BI71: =SUMIF(B20:B333, B71, BH20:BH333) -> 0
A72: 10860.4 | C72: US19 (SR55) | D72: TRENTON | E72: TIMBER PINES DR | F72: 6D | H72: 6D | I72: Y | J72: H | N72: 44600 | O72: 46291 | P72: 47418 | R72: 0.09 | S72: 4014 | T72: 4166 | U72: 4268 | V72: =ROUND(R72*Q72,0) -> 0 | Y72: GEN. TABLES | Z72: ='[1]Tier 1'!V72 -> C | AE72: ='[1]Tier 1'!W72 -> 5250 | AG72: ='[1]Tier 1'!X72 -> 5250 | AI72: ='[1]Tier 1'!Y72 -> 5250 | AJ72: =AI72 * 0.9 -> 4725 | AK72: =VLOOKUP(A72,#REF!,-1,FALSE) -> #REF! | AL72: =AK72 * 0.9 -> #REF! | AM72: =S72+W72 -> 4014 | AN72: =IF(AE72>0, ROUND(AM72/AE72,3),0) -> 0.765 | AO72: =IF($W72>0,IF(AN72>0.8999,"Study 1", "OK"),"OK") -> OK | AP72: =T72+W72 -> 4166 | AQ72: =IF(AG72>0, ROUND(AP72/AG72,3),0) -> 0.794 | AR72: =IF($W72>0,IF(AQ72>0.8999,"Study 1", "OK"),"OK") -> OK | AS72: =U72+W72 -> 4268 | AT72: =IF(AI72>0, ROUND(AS72/AI72,3),0) -> 0.813 | AU72: =IF($W72>0,IF(AT72>0.8999,"Study 1", "OK"),"OK") -> OK | AV72: =V72+W72 -> 0 | AW72: =IF(AK72>0, ROUND(AV72/AK72,3),0) -> #REF! | AX72: =IF(AND(V72=0, AV72>0), "DATA1", IF(OR(AV72>AL72,BI72>0), IF(Y72="CONC. (ART-PLAN)", "STUDY 1", "STUDY 2"), "OK")) -> #REF! | BA72: =IF(AG72>0, X72/AG72, 0) -> 0 | BB72: =IF(AM72>AF72,1,0) -> 1 | BC72: =SUMIF(#REF!,#REF!, BB20:BB333) -> #REF! | BD72: =IF(AP72>AH72,1,0) -> 1 | BE72: =SUMIF(#REF!,#REF!, BD20:BD333) -> #REF! | BF72: =IF(AS72>AJ72,1,0) -> 0 | BG72: =SUMIF(#REF!,#REF!, BF20:BF333) -> #REF! | BH72: =IF(AV72>AL72,1,0) -> #REF! | BI72: =SUMIF(B20:B333, B72, BH20:BH333) -> 0
A73: 10870.3 | C73: US19 (SR55) | D73: TIMBER PINES DR | E73: PINE FOREST DR | F73: 6D | H73: 6D | I73: Y | J73: H | N73: 44600 | O73: 46291 | P73: 47418 | R73: 0.09 | S73: 4014 | T73: 4166 | U73: 4268 | V73: =ROUND(R73*Q73,0) -> 0 | Y73: GEN. TABLES | Z73: ='[1]Tier 1'!V73 -> C | AE73: ='[1]Tier 1'!W73 -> 5250 | AG73: ='[1]Tier 1'!X73 -> 5250 | AI73: ='[1]Tier 1'!Y73 -> 5250 | AJ73: =AI73 * 0.9 -> 4725 | AK73: =VLOOKUP(A73,#REF!,-1,FALSE) -> #REF! | AL73: =AK73 * 0.9 -> #REF! | AM73: =S73+W73 -> 4014 | AN73: =IF(AE73>0, ROUND(AM73/AE73,3),0) -> 0.765 | AO73: =IF($W73>0,IF(AN73>0.8999,"Study 1", "OK"),"OK") -> OK | AP73: =T73+W73 -> 4166 | AQ73: =IF(AG73>0, ROUND(AP73/AG73,3),0) -> 0.794 | AR73: =IF($W73>0,IF(AQ73>0.8999,"Study 1", "OK"),"OK") -> OK | AS73: =U73+W73 -> 4268 | AT73: =IF(AI73>0, ROUND(AS73/AI73,3),0) -> 0.813 | AU73: =IF($W73>0,IF(AT73>0.8999,"Study 1", "OK"),"OK") -> OK | AV73: =V73+W73 -> 0 | AW73: =IF(AK73>0, ROUND(AV73/AK73,3),0) -> #REF! | AX73: =IF(AND(V73=0, AV73>0), "DATA1", IF(OR(AV73>AL73,BI73>0), IF(Y73="CONC. (ART-PLAN)", "STUDY 1", "STUDY 2"), "OK")) -> #REF! | BA73: =IF(AG73>0, X73/AG73, 0) -> 0 | BB73: =IF(AM73>AF73,1,0) -> 1 | BC73: =SUMIF(#REF!,#REF!, BB20:BB333) -> #REF! | BD73: =IF(AP73>AH73,1,0) -> 1 | BE73: =SUMIF(#REF!,#REF!, BD20:BD333) -> #REF! | BF73: =IF(AS73>AJ73,1,0) -> 0 | BG73: =SUMIF(#REF!,#REF!, BF20:BF333) -> #REF! | BH73: =IF(AV73>AL73,1,0) -> #REF! | BI73: =SUMIF(B20:B333, B73, BH20:BH333) -> 0
A74: 10870.4 | C74: US19 (SR55) | D74: PINE FOREST DR | E74: BRANDY DR | F74: 6D | H74: 6D | I74: Y | J74: H | N74: 44600 | O74: 46291 | P74: 47418 | R74: 0.09 | S74: 4014 | T74: 4166 | U74: 4268 | V74: =ROUND(R74*Q74,0) -> 0 | Y74: GEN. TABLES | Z74: ='[1]Tier 1'!V74 -> C | AE74: ='[1]Tier 1'!W74 -> 5250 | AG74: ='[1]Tier 1'!X74 -> 5250 | AI74: ='[1]Tier 1'!Y74 -> 5250 | AJ74: =AI74 * 0.9 -> 4725 | AK74: =VLOOKUP(A74,#REF!,-1,FALSE) -> #REF! | AL74: =AK74 * 0.9 -> #REF! | AM74: =S74+W74 -> 4014 | AN74: =IF(AE74>0, ROUND(AM74/AE74,3),0) -> 0.765 | AO74: =IF($W74>0,IF(AN74>0.8999,"Study 1", "OK"),"OK") -> OK | AP74: =T74+W74 -> 4166 | AQ74: =IF(AG74>0, ROUND(AP74/AG74,3),0) -> 0.794 | AR74: =IF($W74>0,IF(AQ74>0.8999,"Study 1", "OK"),"OK") -> OK | AS74: =U74+W74 -> 4268 | AT74: =IF(AI74>0, ROUND(AS74/AI74,3),0) -> 0.813 | AU74: =IF($W74>0,IF(AT74>0.8999,"Study 1", "OK"),"OK") -> OK | AV74: =V74+W74 -> 0 | AW74: =IF(AK74>0, ROUND(AV74/AK74,3),0) -> #REF! | AX74: =IF(AND(V74=0, AV74>0), "DATA1", IF(OR(AV74>AL74,BI74>0), IF(Y74="CONC. (ART-PLAN)", "STUDY 1", "STUDY 2"), "OK")) -> #REF! | BA74: =IF(AG74>0, X74/AG74, 0) -> 0 | BB74: =IF(AM74>AF74,1,0) -> 1 | BC74: =SUMIF(#REF!,#REF!, BB20:BB333) -> #REF! | BD74: =IF(AP74>AH74,1,0) -> 1 | BE74: =SUMIF(#REF!,#REF!, BD20:BD333) -> #REF! | BF74: =IF(AS74>AJ74,1,0) -> 0 | BG74: =SUMIF(#REF!,#REF!, BF20:BF333) -> #REF! | BH74: =IF(AV74>AL74,1,0) -> #REF! | BI74: =SUMIF(B20:B333, B74, BH20:BH333) -> 0
A75: 10880 | C75: US19 (SR55) | D75: BRANDY DR | E75: FOREST OAKS BLVD | F75: 6D | H75: 6D | I75: Y | J75: H | N75: 41820 | O75: 44380 | P75: 46173 | R75: 0.09 | S75: 3764 | T75: 3994 | U75: 4156 | V75: =ROUND(R75*Q75,0) -> 0 | Y75: GEN. TABLES | Z75: ='[1]Tier 1'!V75 -> C | AE75: ='[1]Tier 1'!W75 -> 5250 | AG75: ='[1]Tier 1'!X75 -> 5250 | AI75: ='[1]Tier 1'!Y75 -> 5250 | AJ75: =AI75 * 0.9 -> 4725 | AK75: =VLOOKUP(A75,#REF!,-1,FALSE) -> #REF! | AL75: =AK75 * 0.9 -> #REF! | AM75: =S75+W75 -> 3764 | AN75: =IF(AE75>0, ROUND(AM75/AE75,3),0) -> 0.717 | AO75: =IF($W75>0,IF(AN75>0.8999,"Study 1", "OK"),"OK") -> OK | AP75: =T75+W75 -> 3994 | AQ75: =IF(AG75>0, ROUND(AP75/AG75,3),0) -> 0.761 | AR75: =IF($W75>0,IF(AQ75>0.8999,"Study 1", "OK"),"OK") -> OK | AS75: =U75+W75 -> 4156 | AT75: =IF(AI75>0, ROUND(AS75/AI75,3),0) -> 0.792 | AU75: =IF($W75>0,IF(AT75>0.8999,"Study 1", "OK"),"OK") -> OK | AV75: =V75+W75 -> 0 | AW75: =IF(AK75>0, ROUND(AV75/AK75,3),0) -> #REF! | AX75: =IF(AND(V75=0, AV75>0), "DATA1", IF(OR(AV75>AL75,BI75>0), IF(Y75="CONC. (ART-PLAN)", "STUDY 1", "STUDY 2"), "OK")) -> #REF! | BA75: =IF(AG75>0, X75/AG75, 0) -> 0 | BB75: =IF(AM75>AF75,1,0) -> 1 | BC75: =SUMIF(#REF!,#REF!, BB20:BB333) -> #REF! | BD75: =IF(AP75>AH75,1,0) -> 1 | BE75: =SUMIF(#REF!,#REF!, BD20:BD333) -> #REF! | BF75: =IF(AS75>AJ75,1,0) -> 0 | BG75: =SUMIF(#REF!,#REF!, BF20:BF333) -> #REF! | BH75: =IF(AV75>AL75,1,0) -> #REF! | BI75: =SUMIF(B20:B333, B75, BH20:BH333) -> 0
A76: 10890.3 | C76: US19 (SR55) | D76: FOREST OAKS BLVD | E76: BERKELEY MANOR BLVD | F76: 6D | H76: 6D | I76: Y | J76: H | N76: 41820 | O76: 44380 | P76: 46173 | R76: 0.09 | S76: 3764 | T76: 3994 | U76: 4156 | V76: =ROUND(R76*Q76,0) -> 0 | Y76: GEN. TABLES | Z76: ='[1]Tier 1'!V76 -> C | AE76: ='[1]Tier 1'!W76 -> 5250 | AG76: ='[1]Tier 1'!X76 -> 5250 | AI76: ='[1]Tier 1'!Y76 -> 5250 | AJ76: =AI76 * 0.9 -> 4725 | AK76: =VLOOKUP(A76,#REF!,-1,FALSE) -> #REF! | AL76: =AK76 * 0.9 -> #REF! | AM76: =S76+W76 -> 3764 | AN76: =IF(AE76>0, ROUND(AM76/AE76,3),0) -> 0.717 | AO76: =IF($W76>0,IF(AN76>0.8999,"Study 1", "OK"),"OK") -> OK | AP76: =T76+W76 -> 3994 | AQ76: =IF(AG76>0, ROUND(AP76/AG76,3),0) -> 0.761 | AR76: =IF($W76>0,IF(AQ76>0.8999,"Study 1", "OK"),"OK") -> OK | AS76: =U76+W76 -> 4156 | AT76: =IF(AI76>0, ROUND(AS76/AI76,3),0) -> 0.792 | AU76: =IF($W76>0,IF(AT76>0.8999,"Study 1", "OK"),"OK") -> OK | AV76: =V76+W76 -> 0 | AW76: =IF(AK76>0, ROUND(AV76/AK76,3),0) -> #REF! | AX76: =IF(AND(V76=0, AV76>0), "DATA1", IF(OR(AV76>AL76,BI76>0), IF(Y76="CONC. (ART-PLAN)", "STUDY 1", "STUDY 2"), "OK")) -> #REF! | BA76: =IF(AG76>0, X76/AG76, 0) -> 0 | BB76: =IF(AM76>AF76,1,0) -> 1 | BC76: =SUMIF(#REF!,#REF!, BB20:BB333) -> #REF! | BD76: =IF(AP76>AH76,1,0) -> 1 | BE76: =SUMIF(#REF!,#REF!, BD20:BD333) -> #REF! | BF76: =IF(AS76>AJ76,1,0) -> 0 | BG76: =SUMIF(#REF!,#REF!, BF20:BF333) -> #REF! | BH76: =IF(AV76>AL76,1,0) -> #REF! | BI76: =SUMIF(B20:B333, B76, BH20:BH333) -> 0
A77: 10890.4 | C77: US19 (SR55) | D77: BERKELEY MANOR BLVD | E77: PACIFIC AVE | F77: 6D | H77: 6D | I77: Y | J77: H | N77: 41820 | O77: 44380 | P77: 46173 | R77: 0.09 | S77: 3764 | T77: 3994 | U77: 4156 | V77: =ROUND(R77*Q77,0) -> 0 | Y77: GEN. TABLES | Z77: ='[1]Tier 1'!V77 -> C | AE77: ='[1]Tier 1'!W77 -> 5250 | AG77: ='[1]Tier 1'!X77 -> 5250 | AI77: ='[1]Tier 1'!Y77 -> 5250 | AJ77: =AI77 * 0.9 -> 4725 | AK77: =VLOOKUP(A77,#REF!,-1,FALSE) -> #REF! | AL77: =AK77 * 0.9 -> #REF! | AM77: =S77+W77 -> 3764 | AN77: =IF(AE77>0, ROUND(AM77/AE77,3),0) -> 0.717 | AO77: =IF($W77>0,IF(AN77>0.8999,"Study 1", "OK"),"OK") -> OK | AP77: =T77+W77 -> 3994 | AQ77: =IF(AG77>0, ROUND(AP77/AG77,3),0) -> 0.761 | AR77: =IF($W77>0,IF(AQ77>0.8999,"Study 1", "OK"),"OK") -> OK | AS77: =U77+W77 -> 4156 | AT77: =IF(AI77>0, ROUND(AS77/AI77,3),0) -> 0.792 | AU77: =IF($W77>0,IF(AT77>0.8999,"Study 1", "OK"),"OK") -> OK | AV77: =V77+W77 -> 0 | AW77: =IF(AK77>0, ROUND(AV77/AK77,3),0) -> #REF! | AX77: =IF(AND(V77=0, AV77>0), "DATA1", IF(OR(AV77>AL77,BI77>0), IF(Y77="CONC. (ART-PLAN)", "STUDY 1", "STUDY 2"), "OK")) -> #REF! | BA77: =IF(AG77>0, X77/AG77, 0) -> 0 | BB77: =IF(AM77>AF77,1,0) -> 1 | BC77: =SUMIF(#REF!,#REF!, BB20:BB333) -> #REF! | BD77: =IF(AP77>AH77,1,0) -> 1 | BE77: =SUMIF(#REF!,#REF!, BD20:BD333) -> #REF! | BF77: =IF(AS77>AJ77,1,0) -> 0 | BG77: =SUMIF(#REF!,#REF!, BF20:BF333) -> #REF! | BH77: =IF(AV77>AL77,1,0) -> #REF! | BI77: =SUMIF(B20:B333, B77, BH20:BH333) -> 0
A78: 10890.2 | C78: US19 (SR55) | D78: PACIFIC AVE | E78: NORTHCLIFFE BLVD | F78: 6D | H78: 4D | I78: Y | J78: H | N78: 41820 | O78: 44380 | P78: 46173 | R78: 0.09 | S78: 3764 | T78: 3994 | U78: 4156 | V78: =ROUND(R78*Q78,0) -> 0 | Y78: GEN. TABLES | Z78: ='[1]Tier 1'!V78 -> C | AE78: ='[1]Tier 1'!W78 -> 5250 | AG78: ='[1]Tier 1'!X78 -> 5250 | AI78: ='[1]Tier 1'!Y78 -> 5250 | AJ78: =AI78 * 0.9 -> 4725 | AK78: =VLOOKUP(A78,#REF!,-1,FALSE) -> #REF! | AL78: =AK78 * 0.9 -> #REF! | AM78: =S78+W78 -> 3764 | AN78: =IF(AE78>0, ROUND(AM78/AE78,3),0) -> 0.717 | AO78: =IF($W78>0,IF(AN78>0.8999,"Study 1", "OK"),"OK") -> OK | AP78: =T78+W78 -> 3994 | AQ78: =IF(AG78>0, ROUND(AP78/AG78,3),0) -> 0.761 | AR78: =IF($W78>0,IF(AQ78>0.8999,"Study 1", "OK"),"OK") -> OK | AS78: =U78+W78 -> 4156 | AT78: =IF(AI78>0, ROUND(AS78/AI78,3),0) -> 0.792 | AU78: =IF($W78>0,IF(AT78>0.8999,"Study 1", "OK"),"OK") -> OK | AV78: =V78+W78 -> 0 | AW78: =IF(AK78>0, ROUND(AV78/AK78,3),0) -> #REF! | AX78: =IF(AND(V78=0, AV78>0), "DATA1", IF(OR(AV78>AL78,BI78>0), IF(Y78="CONC. (ART-PLAN)", "STUDY 1", "STUDY 2"), "OK")) -> #REF! | BA78: =IF(AG78>0, X78/AG78, 0) -> 0 | BB78: =IF(AM78>AF78,1,0) -> 1 | BC78: =SUMIF(#REF!,#REF!, BB20:BB333) -> #REF! | BD78: =IF(AP78>AH78,1,0) -> 1 | BE78: =SUMIF(#REF!,#REF!, BD20:BD333) -> #REF! | BF78: =IF(AS78>AJ78,1,0) -> 0 | BG78: =SUMIF(#REF!,#REF!, BF20:BF333) -> #REF! | BH78: =IF(AV78>AL78,1,0) -> #REF! | BI78: =SUMIF(B20:B333, B78, BH20:BH333) -> 0
A79: 10900 | C79: US19 (SR55) | D79: NORTHCLIFFE BLVD | E79: CORTEZ BLVD (SR50) | F79: 6D | H79: 4D | I79: Y | J79: H | N79: 34170 | O79: 36261 | P79: 37726 | R79: 0.09 | S79: 3075 | T79: 3264 | U79: 3395 | V79: =ROUND(R79*Q79,0) -> 0 | Y79: GEN. TABLES | Z79: ='[1]Tier 1'!V79 -> C | AE79: ='[1]Tier 1'!W79 -> 5250 | AG79: ='[1]Tier 1'!X79 -> 5250 | AI79: ='[1]Tier 1'!Y79 -> 5250 | AJ79: =AI79 * 0.9 -> 4725 | AK79: =VLOOKUP(A79,#REF!,-1,FALSE) -> #REF! | AL79: =AK79 * 0.9 -> #REF! | AM79: =S79+W79 -> 3075 | AN79: =IF(AE79>0, ROUND(AM79/AE79,3),0) -> 0.586 | AO79: =IF($W79>0,IF(AN79>0.8999,"Study 1", "OK"),"OK") -> OK | AP79: =T79+W79 -> 3264 | AQ79: =IF(AG79>0, ROUND(AP79/AG79,3),0) -> 0.622 | AR79: =IF($W79>0,IF(AQ79>0.8999,"Study 1", "OK"),"OK") -> OK | AS79: =U79+W79 -> 3395 | AT79: =IF(AI79>0, ROUND(AS79/AI79,3),0) -> 0.647 | AU79: =IF($W79>0,IF(AT79>0.8999,"Study 1", "OK"),"OK") -> OK | AV79: =V79+W79 -> 0 | AW79: =IF(AK79>0, ROUND(AV79/AK79,3),0) -> #REF! | AX79: =IF(AND(V79=0, AV79>0), "DATA1", IF(OR(AV79>AL79,BI79>0), IF(Y79="CONC. (ART-PLAN)", "STUDY 1", "STUDY 2"), "OK")) -> #REF! | BA79: =IF(AG79>0, X79/AG79, 0) -> 0 | BB79: =IF(AM79>AF79,1,0) -> 1 | BC79: =SUMIF(#REF!,#REF!, BB20:BB333) -> #REF! | BD79: =IF(AP79>AH79,1,0) -> 1 | BE79: =SUMIF(#REF!,#REF!, BD20:BD333) -> #REF! | BF79: =IF(AS79>AJ79,1,0) -> 0 | BG79: =SUMIF(#REF!,#REF!, BF20:BF333) -> #REF! | BH79: =IF(AV79>AL79,1,0) -> #REF! | BI79: =SUMIF(B20:B333, B79, BH20:BH333) -> 0
A80: 11000 | C80: US19 (SR55) | D80: CORTEZ BLVD (SR50) | E80: RIDGE RD | F80: 4D | H80: 4D | I80: Y | J80: H | N80: 34170 | O80: 36261 | P80: 37726 | R80: 0.09 | S80: 3075 | T80: 3264 | U80: 3395 | V80: =ROUND(R80*Q80,0) -> 0 | Y80: GEN. TABLES | Z80: ='[1]Tier 1'!V80 -> C | AE80: ='[1]Tier 1'!W80 -> 4730 | AG80: ='[1]Tier 1'!X80 -> 4730 | AI80: ='[1]Tier 1'!Y80 -> 4730 | AJ80: =AI80 * 0.9 -> 4257 | AK80: =VLOOKUP(A80,#REF!,-1,FALSE) -> #REF! | AL80: =AK80 * 0.9 -> #REF! | AM80: =S80+W80 -> 3075 | AN80: =IF(AE80>0, ROUND(AM80/AE80,3),0) -> 0.65 | AO80: =IF($W80>0,IF(AN80>0.8999,"Study 1", "OK"),"OK") -> OK | AP80: =T80+W80 -> 3264 | AQ80: =IF(AG80>0, ROUND(AP80/AG80,3),0) -> 0.69 | AR80: =IF($W80>0,IF(AQ80>0.8999,"Study 1", "OK"),"OK") -> OK | AS80: =U80+W80 -> 3395 | AT80: =IF(AI80>0, ROUND(AS80/AI80,3),0) -> 0.718 | AU80: =IF($W80>0,IF(AT80>0.8999,"Study 1", "OK"),"OK") -> OK | AV80: =V80+W80 -> 0 | AW80: =IF(AK80>0, ROUND(AV80/AK80,3),0) -> #REF! | AX80: =IF(AND(V80=0, AV80>0), "DATA1", IF(OR(AV80>AL80,BI80>0), IF(Y80="CONC. (ART-PLAN)", "STUDY 1", "STUDY 2"), "OK")) -> #REF! | BA80: =IF(AG80>0, X80/AG80, 0) -> 0 | BB80: =IF(AM80>AF80,1,0) -> 1 | BC80: =SUMIF(#REF!,#REF!, BB20:BB333) -> #REF! | BD80: =IF(AP80>AH80,1,0) -> 1 | BE80: =SUMIF(#REF!,#REF!, BD20:BD333) -> #REF! | BF80: =IF(AS80>AJ80,1,0) -> 0 | BG80: =SUMIF(#REF!,#REF!, BF20:BF333) -> #REF! | BH80: =IF(AV80>AL80,1,0) -> #REF! | BI80: =SUMIF(B20:B333, B80, BH20:BH333) -> 0
A81: 11010 | C81: US19 (SR55) | D81: RIDGE RD | E81: HEXAM RD | F81: 4D | H81: 4D | I81: Y | J81: H | N81: 22549 | O81: 23929 | P81: 24896 | R81: 0.09 | S81: 2029 | T81: 2154 | U81: 2241 | V81: =ROUND(R81*Q81,0) -> 0 | Y81: GEN. TABLES | Z81: ='[1]Tier 1'!V81 -> C | AE81: ='[1]Tier 1'!W81 -> 4730 | AG81: ='[1]Tier 1'!X81 -> 4730 | AI81: ='[1]Tier 1'!Y81 -> 4730 | AJ81: =AI81 * 0.9 -> 4257 | AK81: =VLOOKUP(A81,#REF!,-1,FALSE) -> #REF! | AL81: =AK81 * 0.9 -> #REF! | AM81: =S81+W81 -> 2029 | AN81: =IF(AE81>0, ROUND(AM81/AE81,3),0) -> 0.429 | AO81: =IF($W81>0,IF(AN81>0.8999,"Study 1", "OK"),"OK") -> OK | AP81: =T81+W81 -> 2154 | AQ81: =IF(AG81>0, ROUND(AP81/AG81,3),0) -> 0.455 | AR81: =IF($W81>0,IF(AQ81>0.8999,"Study 1", "OK"),"OK") -> OK | AS81: =U81+W81 -> 2241 | AT81: =IF(AI81>0, ROUND(AS81/AI81,3),0) -> 0.474 | AU81: =IF($W81>0,IF(AT81>0.8999,"Study 1", "OK"),"OK") -> OK | AV81: =V81+W81 -> 0 | AW81: =IF(AK81>0, ROUND(AV81/AK81,3),0) -> #REF! | AX81: =IF(AND(V81=0, AV81>0), "DATA1", IF(OR(AV81>AL81,BI81>0), IF(Y81="CONC. (ART-PLAN)", "STUDY 1", "STUDY 2"), "OK")) -> #REF! | BA81: =IF(AG81>0, X81/AG81, 0) -> 0 | BB81: =IF(AM81>AF81,1,0) -> 1 | BC81: =SUMIF(#REF!,#REF!, BB20:BB333) -> #REF! | BD81: =IF(AP81>AH81,1,0) -> 1 | BE81: =SUMIF(#REF!,#REF!, BD20:BD333) -> #REF! | BF81: =IF(AS81>AJ81,1,0) -> 0 | BG81: =SUMIF(#REF!,#REF!, BF20:BF333) -> #REF! | BH81: =IF(AV81>AL81,1,0) -> #REF! | BI81: =SUMIF(B20:B333, B81, BH20:BH333) -> 0
A82: 11020.1 | C82: US19 (SR55) | D82: HEXAM RD | E82: VESPA WAY | F82: 4D | H82: 4D | I82: Y | J82: H | N82: 44118 | O82: 46818 | P82: 48709 | R82: 0.09 | S82: 3971 | T82: 4214 | U82: 4384 | V82: =ROUND(R82*Q82,0) -> 0 | Y82: GEN. TABLES | Z82: ='[1]Tier 1'!V82 -> C | AE82: ='[1]Tier 1'!W82 -> 4730 | AG82: ='[1]Tier 1'!X82 -> 4730 | AI82: ='[1]Tier 1'!Y82 -> 4730 | AJ82: =AI82 * 0.9 -> 4257 | AK82: =VLOOKUP(A82,#REF!,-1,FALSE) -> #REF! | AL82: =AK82 * 0.9 -> #REF! | AM82: =S82+W82 -> 3971 | AN82: =IF(AE82>0, ROUND(AM82/AE82,3),0) -> 0.84 | AO82: =IF($W82>0,IF(AN82>0.8999,"Study 1", "OK"),"OK") -> OK | AP82: =T82+W82 -> 4214 | AQ82: =IF(AG82>0, ROUND(AP82/AG82,3),0) -> 0.891 | AR82: =IF($W82>0,IF(AQ82>0.8999,"Study 1", "OK"),"OK") -> OK | AS82: =U82+W82 -> 4384 | AT82: =IF(AI82>0, ROUND(AS82/AI82,3),0) -> 0.927 | AU82: =IF($W82>0,IF(AT82>0.8999,"Study 1", "OK"),"OK") -> OK | AV82: =V82+W82 -> 0 | AW82: =IF(AK82>0, ROUND(AV82/AK82,3),0) -> #REF! | AX82: =IF(AND(V82=0, AV82>0), "DATA1", IF(OR(AV82>AL82,BI82>0), IF(Y82="CONC. (ART-PLAN)", "STUDY 1", "STUDY 2"), "OK")) -> #REF! | BA82: =IF(AG82>0, X82/AG82, 0) -> 0 | BB82: =IF(AM82>AF82,1,0) -> 1 | BC82: =SUMIF(#REF!,#REF!, BB20:BB333) -> #REF! | BD82: =IF(AP82>AH82,1,0) -> 1 | BE82: =SUMIF(#REF!,#REF!, BD20:BD333) -> #REF! | BF82: =IF(AS82>AJ82,1,0) -> 1 | BG82: =SUMIF(#REF!,#REF!, BF20:BF333) -> #REF! | BH82: =IF(AV82>AL82,1,0) -> #REF! | BI82: =SUMIF(B20:B333, B82, BH20:BH333) -> 0
A83: 11020.2 | C83: US19 (SR55) | D83: VESPA WAY | E83: CENTRALIA RD | F83: 4D | H83: 4D | I83: Y | J83: H | N83: 15700 | O83: 17205 | P83: 18209 | R83: 0.09 | S83: 1413 | T83: 1548 | U83: 1639 | V83: =ROUND(R83*Q83,0) -> 0 | Y83: GEN. TABLES | Z83: ='[1]Tier 1'!V83 -> C | AE83: ='[1]Tier 1'!W83 -> 4730 | AG83: ='[1]Tier 1'!X83 -> 4730 | AI83: ='[1]Tier 1'!Y83 -> 4730 | AJ83: =AI83 * 0.9 -> 4257 | AK83: =VLOOKUP(A83,#REF!,-1,FALSE) -> #REF! | AL83: =AK83 * 0.9 -> #REF! | AM83: =S83+W83 -> 1413 | AN83: =IF(AE83>0, ROUND(AM83/AE83,3),0) -> 0.299 | AO83: =IF($W83>0,IF(AN83>0.8999,"Study 1", "OK"),"OK") -> OK | AP83: =T83+W83 -> 1548 | AQ83: =IF(AG83>0, ROUND(AP83/AG83,3),0) -> 0.327 | AR83: =IF($W83>0,IF(AQ83>0.8999,"Study 1", "OK"),"OK") -> OK | AS83: =U83+W83 -> 1639 | AT83: =IF(AI83>0, ROUND(AS83/AI83,3),0) -> 0.347 | AU83: =IF($W83>0,IF(AT83>0.8999,"Study 1", "OK"),"OK") -> OK | AV83: =V83+W83 -> 0 | AW83: =IF(AK83>0, ROUND(AV83/AK83,3),0) -> #REF! | AX83: =IF(AND(V83=0, AV83>0), "DATA1", IF(OR(AV83>AL83,BI83>0), IF(Y83="CONC. (ART-PLAN)", "STUDY 1", "STUDY 2"), "OK")) -> #REF! | BA83: =IF(AG83>0, X83/AG83, 0) -> 0 | BB83: =IF(AM83>AF83,1,0) -> 1 | BC83: =SUMIF(#REF!,#REF!, BB20:BB333) -> #REF! | BD83: =IF(AP83>AH83,1,0) -> 1 | BE83: =SUMIF(#REF!,#REF!, BD20:BD333) -> #REF! | BF83: =IF(AS83>AJ83,1,0) -> 0 | BG83: =SUMIF(#REF!,#REF!, BF20:BF333) -> #REF! | BH83: =IF(AV83>AL83,1,0) -> #REF! | BI83: =SUMIF(B20:B333, B83, BH20:BH333) -> 0
A84: 11030 | C84: US19 (SR55) | D84: CENTRALIA RD | E84: KNUCKEY RD | F84: 4D | H84: 4D | I84: Y | J84: H | N84: 14314 | O84: 15190 | P84: 15804 | R84: 0.09 | S84: 1288 | T84: 1367 | U84: 1422 | V84: =ROUND(R84*Q84,0) -> 0 | Y84: GEN. TABLES | Z84: ='[1]Tier 1'!V84 -> C | AE84: ='[1]Tier 1'!W84 -> 4490 | AG84: ='[1]Tier 1'!X84 -> 4490 | AI84: ='[1]Tier 1'!Y84 -> 4490 | AJ84: =AI84 * 0.9 -> 4041 | AK84: =VLOOKUP(A84,#REF!,-1,FALSE) -> #REF! | AL84: =AK84 * 0.9 -> #REF! | AM84: =S84+W84 -> 1288 | AN84: =IF(AE84>0, ROUND(AM84/AE84,3),0) -> 0.287 | AO84: =IF($W84>0,IF(AN84>0.8999,"Study 1", "OK"),"OK") -> OK | AP84: =T84+W84 -> 1367 | AQ84: =IF(AG84>0, ROUND(AP84/AG84,3),0) -> 0.304 | AR84: =IF($W84>0,IF(AQ84>0.8999,"Study 1", "OK"),"OK") -> OK | AS84: =U84+W84 -> 1422 | AT84: =IF(AI84>0, ROUND(AS84/AI84,3),0) -> 0.317 | AU84: =IF($W84>0,IF(AT84>0.8999,"Study 1", "OK"),"OK") -> OK | AV84: =V84+W84 -> 0 | AW84: =IF(AK84>0, ROUND(AV84/AK84,3),0) -> #REF! | AX84: =IF(AND(V84=0, AV84>0), "DATA1", IF(OR(AV84>AL84,BI84>0), IF(Y84="CONC. (ART-PLAN)", "STUDY 1", "STUDY 2"), "OK")) -> #REF! | BA84: =IF(AG84>0, X84/AG84, 0) -> 0 | BB84: =IF(AM84>AF84,1,0) -> 1 | BC84: =SUMIF(#REF!,#REF!, BB20:BB333) -> #REF! | BD84: =IF(AP84>AH84,1,0) -> 1 | BE84: =SUMIF(#REF!,#REF!, BD20:BD333) -> #REF! | BF84: =IF(AS84>AJ84,1,0) -> 0 | BG84: =SUMIF(#REF!,#REF!, BF20:BF333) -> #REF! | BH84: =IF(AV84>AL84,1,0) -> #REF! | BI84: =SUMIF(B20:B333, B84, BH20:BH333) -> 0
A85: 11040 | C85: US19 (SR55) | D85: KNUCKEY RD | E85: THRASHER RD | F85: 4D | H85: 6F | I85: Y | J85: H | N85: 14314 | O85: 15190 | P85: 15804 | R85: 0.09 | S85: 1288 | T85: 1367 | U85: 1422 | V85: =ROUND(R85*Q85,0) -> 0 | Y85: GEN. TABLES | Z85: ='[1]Tier 1'!V85 -> C | AE85: ='[1]Tier 1'!W85 -> 4490 | AG85: ='[1]Tier 1'!X85 -> 4490 | AI85: ='[1]Tier 1'!Y85 -> 4490 | AJ85: =AI85 * 0.9 -> 4041 | AK85: =VLOOKUP(A85,#REF!,-1,FALSE) -> #REF! | AL85: =AK85 * 0.9 -> #REF! | AM85: =S85+W85 -> 1288 | AN85: =IF(AE85>0, ROUND(AM85/AE85,3),0) -> 0.287 | AO85: =IF($W85>0,IF(AN85>0.8999,"Study 1", "OK"),"OK") -> OK | AP85: =T85+W85 -> 1367 | AQ85: =IF(AG85>0, ROUND(AP85/AG85,3),0) -> 0.304 | AR85: =IF($W85>0,IF(AQ85>0.8999,"Study 1", "OK"),"OK") -> OK | AS85: =U85+W85 -> 1422 | AT85: =IF(AI85>0, ROUND(AS85/AI85,3),0) -> 0.317 | AU85: =IF($W85>0,IF(AT85>0.8999,"Study 1", "OK"),"OK") -> OK | AV85: =V85+W85 -> 0 | AW85: =IF(AK85>0, ROUND(AV85/AK85,3),0) -> #REF! | AX85: =IF(AND(V85=0, AV85>0), "DATA1", IF(OR(AV85>AL85,BI85>0), IF(Y85="CONC. (ART-PLAN)", "STUDY 1", "STUDY 2"), "OK")) -> #REF! | BA85: =IF(AG85>0, X85/AG85, 0) -> 0 | BB85: =IF(AM85>AF85,1,0) -> 1 | BC85: =SUMIF(#REF!,#REF!, BB20:BB333) -> #REF! | BD85: =IF(AP85>AH85,1,0) -> 1 | BE85: =SUMIF(#REF!,#REF!, BD20:BD333) -> #REF! | BF85: =IF(AS85>AJ85,1,0) -> 0 | BG85: =SUMIF(#REF!,#REF!, BF20:BF333) -> #REF! | BH85: =IF(AV85>AL85,1,0) -> #REF! | BI85: =SUMIF(B20:B333, B85, BH20:BH333) -> 0
A86: 11050 | C86: US19 (SR55) | D86: THRASHER RD | E86: CITRUS COUNTY LINE | F86: 4D | H86: 6F | I86: Y | J86: H | N86: 11707 | O86: 12621 | P86: 13231 | R86: 0.09 | S86: 1054 | T86: 1136 | U86: 1191 | V86: =ROUND(R86*Q86,0) -> 0 | Y86: GEN. TABLES | Z86: ='[1]Tier 1'!V86 -> C | AE86: ='[1]Tier 1'!W86 -> 4490 | AG86: ='[1]Tier 1'!X86 -> 4490 | AI86: ='[1]Tier 1'!Y86 -> 4490 | AJ86: =AI86 * 0.9 -> 4041 | AK86: =VLOOKUP(A86,#REF!,-1,FALSE) -> #REF! | AL86: =AK86 * 0.9 -> #REF! | AM86: =S86+W86 -> 1054 | AN86: =IF(AE86>0, ROUND(AM86/AE86,3),0) -> 0.235 | AO86: =IF($W86>0,IF(AN86>0.8999,"Study 1", "OK"),"OK") -> OK | AP86: =T86+W86 -> 1136 | AQ86: =IF(AG86>0, ROUND(AP86/AG86,3),0) -> 0.253 | AR86: =IF($W86>0,IF(AQ86>0.8999,"Study 1", "OK"),"OK") -> OK | AS86: =U86+W86 -> 1191 | AT86: =IF(AI86>0, ROUND(AS86/AI86,3),0) -> 0.265 | AU86: =IF($W86>0,IF(AT86>0.8999,"Study 1", "OK"),"OK") -> OK | AV86: =V86+W86 -> 0 | AW86: =IF(AK86>0, ROUND(AV86/AK86,3),0) -> #REF! | AX86: =IF(AND(V86=0, AV86>0), "DATA1", IF(OR(AV86>AL86,BI86>0), IF(Y86="CONC. (ART-PLAN)", "STUDY 1", "STUDY 2"), "OK")) -> #REF! | BA86: =IF(AG86>0, X86/AG86, 0) -> 0 | BB86: =IF(AM86>AF86,1,0) -> 1 | BC86: =SUMIF(#REF!,#REF!, BB20:BB333) -> #REF! | BD86: =IF(AP86>AH86,1,0) -> 1 | BE86: =SUMIF(#REF!,#REF!, BD20:BD333) -> #REF! | BF86: =IF(AS86>AJ86,1,0) -> 0 | BG86: =SUMIF(#REF!,#REF!, BF20:BF333) -> #REF! | BH86: =IF(AV86>AL86,1,0) -> #REF! | BI86: =SUMIF(B20:B333, B86, BH20:BH333) -> 0
A87: 10460 | C87: I-75 (SR93) | D87: PASCO COUNTY LINE | E87: POWERLINE RD | F87: 6F | H87: 6F | I87: Y | J87: H | N87: 4628 | O87: 4953 | P87: 5169 | R87: 0.09 | S87: 417 | T87: 446 | U87: 465 | V87: =ROUND(R87*Q87,0) -> 0 | Y87: GEN. TABLES | Z87: ='[1]Tier 1'!V87 -> C | AE87: ='[1]Tier 1'!W87 -> 8490 | AG87: ='[1]Tier 1'!X87 -> 8490 | AI87: ='[1]Tier 1'!Y87 -> 8490 | AJ87: =AI87 * 0.9 -> 7641 | AK87: =VLOOKUP(A87,#REF!,-1,FALSE) -> #REF! | AL87: =AK87 * 0.9 -> #REF! | AM87: =S87+W87 -> 417 | AN87: =IF(AE87>0, ROUND(AM87/AE87,3),0) -> 0.049 | AO87: =IF($W87>0,IF(AN87>0.8999,"Study 1", "OK"),"OK") -> OK | AP87: =T87+W87 -> 446 | AQ87: =IF(AG87>0, ROUND(AP87/AG87,3),0) -> 0.053 | AR87: =IF($W87>0,IF(AQ87>0.8999,"Study 1", "OK"),"OK") -> OK | AS87: =U87+W87 -> 465 | AT87: =IF(AI87>0, ROUND(AS87/AI87,3),0) -> 0.055 | AU87: =IF($W87>0,IF(AT87>0.8999,"Study 1", "OK"),"OK") -> OK | AV87: =V87+W87 -> 0 | AW87: =IF(AK87>0, ROUND(AV87/AK87,3),0) -> #REF! | AX87: =IF(AND(V87=0, AV87>0), "DATA1", IF(OR(AV87>AL87,BI87>0), IF(Y87="CONC. (ART-PLAN)", "STUDY 1", "STUDY 2"), "OK")) -> #REF! | BA87: =IF(AG87>0, X87/AG87, 0) -> 0 | BB87: =IF(AM87>AF87,1,0) -> 1 | BC87: =SUMIF(#REF!,#REF!, BB20:BB333) -> #REF! | BD87: =IF(AP87>AH87,1,0) -> 1 | BE87: =SUMIF(#REF!,#REF!, BD20:BD333) -> #REF! | BF87: =IF(AS87>AJ87,1,0) -> 0 | BG87: =SUMIF(#REF!,#REF!, BF20:BF333) -> #REF! | BH87: =IF(AV87>AL87,1,0) -> #REF! | BI87: =SUMIF(B20:B333, B87, BH20:BH333) -> 0
A88: 6 | C88: I-75 (SR93) | D88: POWERLINE RD | E88: CORTEZ BLVD (SR50) | F88: 6F | H88: 6F | I88: Y | J88: H | N88: 4628 | O88: 4953 | P88: 5169 | R88: 0.09 | S88: 417 | T88: 446 | U88: 465 | V88: =ROUND(R88*Q88,0) -> 0 | Y88: GEN. TABLES | Z88: ='[1]Tier 1'!V88 -> C | AE88: ='[1]Tier 1'!W88 -> 8450 | AG88: ='[1]Tier 1'!X88 -> 8450 | AI88: ='[1]Tier 1'!Y88 -> 8450 | AJ88: =AI88 * 0.9 -> 7605 | AK88: =VLOOKUP(A88,#REF!,-1,FALSE) -> #REF! | AL88: =AK88 * 0.9 -> #REF! | AM88: =S88+W88 -> 417 | AN88: =IF(AE88>0, ROUND(AM88/AE88,3),0) -> 0.049 | AO88: =IF($W88>0,IF(AN88>0.8999,"Study 1", "OK"),"OK") -> OK | AP88: =T88+W88 -> 446 | AQ88: =IF(AG88>0, ROUND(AP88/AG88,3),0) -> 0.053 | AR88: =IF($W88>0,IF(AQ88>0.8999,"Study 1", "OK"),"OK") -> OK | AS88: =U88+W88 -> 465 | AT88: =IF(AI88>0, ROUND(AS88/AI88,3),0) -> 0.055 | AU88: =IF($W88>0,IF(AT88>0.8999,"Study 1", "OK"),"OK") -> OK | AV88: =V88+W88 -> 0 | AW88: =IF(AK88>0, ROUND(AV88/AK88,3),0) -> #REF! | AX88: =IF(AND(V88=0, AV88>0), "DATA1", IF(OR(AV88>AL88,BI88>0), IF(Y88="CONC. (ART-PLAN)", "STUDY 1", "STUDY 2"), "OK")) -> #REF! | BA88: =IF(AG88>0, X88/AG88, 0) -> 0 | BB88: =IF(AM88>AF88,1,0) -> 1 | BC88: =SUMIF(#REF!,#REF!, BB20:BB333) -> #REF! | BD88: =IF(AP88>AH88,1,0) -> 1 | BE88: =SUMIF(#REF!,#REF!, BD20:BD333) -> #REF! | BF88: =IF(AS88>AJ88,1,0) -> 0 | BG88: =SUMIF(#REF!,#REF!, BF20:BF333) -> #REF! | BH88: =IF(AV88>AL88,1,0) -> #REF! | BI88: =SUMIF(B20:B333, B88, BH20:BH333) -> 0
A89: 10480 | C89: I-75 (SR93) | D89: CORTEZ BLVD (SR50) | E89: 1 MILE NORTH OF CORTEZ BLVD | F89: 6F | H89: 4F | I89: Y | J89: H | N89: 12320 | O89: 9211 | P89: 7138 | R89: 0.09 | S89: 1109 | T89: 829 | U89: 642 | V89: =ROUND(R89*Q89,0) -> 0 | Y89: GEN. TABLES | Z89: ='[1]Tier 1'!V89 -> C | AE89: ='[1]Tier 1'!W89 -> 8450 | AG89: ='[1]Tier 1'!X89 -> 8450 | AI89: ='[1]Tier 1'!Y89 -> 8450 | AJ89: =AI89 * 0.9 -> 7605 | AK89: =VLOOKUP(A89,#REF!,-1,FALSE) -> #REF! | AL89: =AK89 * 0.9 -> #REF! | AM89: =S89+W89 -> 1109 | AN89: =IF(AE89>0, ROUND(AM89/AE89,3),0) -> 0.131 | AO89: =IF($W89>0,IF(AN89>0.8999,"Study 1", "OK"),"OK") -> OK | AP89: =T89+W89 -> 829 | AQ89: =IF(AG89>0, ROUND(AP89/AG89,3),0) -> 0.098 | AR89: =IF($W89>0,IF(AQ89>0.8999,"Study 1", "OK"),"OK") -> OK | AS89: =U89+W89 -> 642 | AT89: =IF(AI89>0, ROUND(AS89/AI89,3),0) -> 0.076 | AU89: =IF($W89>0,IF(AT89>0.8999,"Study 1", "OK"),"OK") -> OK | AV89: =V89+W89 -> 0 | AW89: =IF(AK89>0, ROUND(AV89/AK89,3),0) -> #REF! | AX89: =IF(AND(V89=0, AV89>0), "DATA1", IF(OR(AV89>AL89,BI89>0), IF(Y89="CONC. (ART-PLAN)", "STUDY 1", "STUDY 2"), "OK")) -> #REF! | BA89: =IF(AG89>0, X89/AG89, 0) -> 0 | BB89: =IF(AM89>AF89,1,0) -> 1 | BC89: =SUMIF(#REF!,#REF!, BB20:BB333) -> #REF! | BD89: =IF(AP89>AH89,1,0) -> 1 | BE89: =SUMIF(#REF!,#REF!, BD20:BD333) -> #REF! | BF89: =IF(AS89>AJ89,1,0) -> 0 | BG89: =SUMIF(#REF!,#REF!, BF20:BF333) -> #REF! | BH89: =IF(AV89>AL89,1,0) -> #REF! | BI89: =SUMIF(B20:B333, B89, BH20:BH333) -> 0
A90: 10490 | C90: I-75 (SR93) | D90: 1 MILE NORTH OF CORTEZ BLVD | E90: SUMTER COUNTY LINE | F90: 6F | H90: 4F | I90: Y | J90: H | N90: 12320 | O90: 9211 | P90: 7138 | R90: 0.09 | S90: 1109 | T90: 829 | U90: 642 | V90: =ROUND(R90*Q90,0) -> 0 | Y90: GEN. TABLES | Z90: ='[1]Tier 1'!V90 -> C | AE90: ='[1]Tier 1'!W90 -> 8490 | AG90: ='[1]Tier 1'!X90 -> 8490 | AI90: ='[1]Tier 1'!Y90 -> 8490 | AJ90: =AI90 * 0.9 -> 7641 | AK90: =VLOOKUP(A90,#REF!,-1,FALSE) -> #REF! | AL90: =AK90 * 0.9 -> #REF! | AM90: =S90+W90 -> 1109 | AN90: =IF(AE90>0, ROUND(AM90/AE90,3),0) -> 0.131 | AO90: =IF($W90>0,IF(AN90>0.8999,"Study 1", "OK"),"OK") -> OK | AP90: =T90+W90 -> 829 | AQ90: =IF(AG90>0, ROUND(AP90/AG90,3),0) -> 0.098 | AR90: =IF($W90>0,IF(AQ90>0.8999,"Study 1", "OK"),"OK") -> OK | AS90: =U90+W90 -> 642 | AT90: =IF(AI90>0, ROUND(AS90/AI90,3),0) -> 0.076 | AU90: =IF($W90>0,IF(AT90>0.8999,"Study 1", "OK"),"OK") -> OK | AV90: =V90+W90 -> 0 | AW90: =IF(AK90>0, ROUND(AV90/AK90,3),0) -> #REF! | AX90: =IF(AND(V90=0, AV90>0), "DATA1", IF(OR(AV90>AL90,BI90>0), IF(Y90="CONC. (ART-PLAN)", "STUDY 1", "STUDY 2"), "OK")) -> #REF! | BA90: =IF(AG90>0, X90/AG90, 0) -> 0 | BB90: =IF(AM90>AF90,1,0) -> 1 | BC90: =SUMIF(#REF!,#REF!, BB20:BB333) -> #REF! | BD90: =IF(AP90>AH90,1,0) -> 1 | BE90: =SUMIF(#REF!,#REF!, BD20:BD333) -> #REF! | BF90: =IF(AS90>AJ90,1,0) -> 0 | BG90: =SUMIF(#REF!,#REF!, BF20:BF333) -> #REF! | BH90: =IF(AV90>AL90,1,0) -> #REF! | BI90: =SUMIF(B20:B333, B90, BH20:BH333) -> 0
A91: 11260 | C91: SUNCOAST PKWY (SR589) | D91: COUNTY LINE RD | E91: SPRING HILL DR | F91: 4F | H91: 4F | I91: Y | J91: H | N91: 18666 | O91: 19809 | P91: 20609 | R91: 0.09 | S91: 1680 | T91: 1783 | U91: 1855 | V91: =ROUND(R91*Q91,0) -> 0 | Y91: GEN. TABLES | Z91: ='[1]Tier 1'!V91 -> C | AE91: ='[1]Tier 1'!W91 -> 5640 | AG91: ='[1]Tier 1'!X91 -> 5640 | AI91: ='[1]Tier 1'!Y91 -> 5640 | AJ91: =AI91 * 0.9 -> 5076 | AK91: =VLOOKUP(A91,#REF!,-1,FALSE) -> #REF! | AL91: =AK91 * 0.9 -> #REF! | AM91: =S91+W91 -> 1680 | AN91: =IF(AE91>0, ROUND(AM91/AE91,3),0) -> 0.298 | AO91: =IF($W91>0,IF(AN91>0.8999,"Study 1", "OK"),"OK") -> OK | AP91: =T91+W91 -> 1783 | AQ91: =IF(AG91>0, ROUND(AP91/AG91,3),0) -> 0.316 | AR91: =IF($W91>0,IF(AQ91>0.8999,"Study 1", "OK"),"OK") -> OK | AS91: =U91+W91 -> 1855 | AT91: =IF(AI91>0, ROUND(AS91/AI91,3),0) -> 0.329 | AU91: =IF($W91>0,IF(AT91>0.8999,"Study 1", "OK"),"OK") -> OK | AV91: =V91+W91 -> 0 | AW91: =IF(AK91>0, ROUND(AV91/AK91,3),0) -> #REF! | AX91: =IF(AND(V91=0, AV91>0), "DATA1", IF(OR(AV91>AL91,BI91>0), IF(Y91="CONC. (ART-PLAN)", "STUDY 1", "STUDY 2"), "OK")) -> #REF! | BA91: =IF(AG91>0, X91/AG91, 0) -> 0 | BB91: =IF(AM91>AF91,1,0) -> 1 | BC91: =SUMIF(#REF!,#REF!, BB20:BB333) -> #REF! | BD91: =IF(AP91>AH91,1,0) -> 1 | BE91: =SUMIF(#REF!,#REF!, BD20:BD333) -> #REF! | BF91: =IF(AS91>AJ91,1,0) -> 0 | BG91: =SUMIF(#REF!,#REF!, BF20:BF333) -> #REF! | BH91: =IF(AV91>AL91,1,0) -> #REF! | BI91: =SUMIF(B20:B333, B91, BH20:BH333) -> 0
A92: 11280 | C92: SUNCOAST PKWY (SR589) | D92: SPRING HILL DR | E92: CORTEZ BLVD (SR50) | F92: 4F | H92: 4F | I92: Y | J92: H | N92: 10200 | O92: 10824 | P92: 11262 | R92: 0.09 | S92: 918 | T92: 974 | U92: 1014 | V92: =ROUND(R92*Q92,0) -> 0 | Y92: GEN. TABLES | Z92: ='[1]Tier 1'!V92 -> C | AE92: ='[1]Tier 1'!W92 -> 5640 | AG92: ='[1]Tier 1'!X92 -> 5640 | AI92: ='[1]Tier 1'!Y92 -> 5640 | AJ92: =AI92 * 0.9 -> 5076 | AK92: =VLOOKUP(A92,#REF!,-1,FALSE) -> #REF! | AL92: =AK92 * 0.9 -> #REF! | AM92: =S92+W92 -> 918 | AN92: =IF(AE92>0, ROUND(AM92/AE92,3),0) -> 0.163 | AO92: =IF($W92>0,IF(AN92>0.8999,"Study 1", "OK"),"OK") -> OK | AP92: =T92+W92 -> 974 | AQ92: =IF(AG92>0, ROUND(AP92/AG92,3),0) -> 0.173 | AR92: =IF($W92>0,IF(AQ92>0.8999,"Study 1", "OK"),"OK") -> OK | AS92: =U92+W92 -> 1014 | AT92: =IF(AI92>0, ROUND(AS92/AI92,3),0) -> 0.18 | AU92: =IF($W92>0,IF(AT92>0.8999,"Study 1", "OK"),"OK") -> OK | AV92: =V92+W92 -> 0 | AW92: =IF(AK92>0, ROUND(AV92/AK92,3),0) -> #REF! | AX92: =IF(AND(V92=0, AV92>0), "DATA1", IF(OR(AV92>AL92,BI92>0), IF(Y92="CONC. (ART-PLAN)", "STUDY 1", "STUDY 2"), "OK")) -> #REF! | BA92: =IF(AG92>0, X92/AG92, 0) -> 0 | BB92: =IF(AM92>AF92,1,0) -> 1 | BC92: =SUMIF(#REF!,#REF!, BB20:BB333) -> #REF! | BD92: =IF(AP92>AH92,1,0) -> 1 | BE92: =SUMIF(#REF!,#REF!, BD20:BD333) -> #REF! | BF92: =IF(AS92>AJ92,1,0) -> 0 | BG92: =SUMIF(#REF!,#REF!, BF20:BF333) -> #REF! | BH92: =IF(AV92>AL92,1,0) -> #REF! | BI92: =SUMIF(B20:B333, B92, BH20:BH333) -> 0
A93: 11290.6 | C93: SUNCOAST PKWY (SR589) | D93: CORTEZ BLVD (SR50) | E93: URBAN BOUNDARY | F93: 4F | H93: 4F | I93: Y | J93: H | N93: 6873 | O93: 7448 | P93: 7831 | R93: 0.09 | S93: 619 | T93: 670 | U93: 705 | V93: =ROUND(R93*Q93,0) -> 0 | Y93: GEN. TABLES | Z93: ='[1]Tier 1'!V93 -> C | AE93: ='[1]Tier 1'!W93 -> 5640 | AG93: ='[1]Tier 1'!X93 -> 5640 | AI93: ='[1]Tier 1'!Y93 -> 5640 | AJ93: =AI93 * 0.9 -> 5076 | AK93: =VLOOKUP(A93,#REF!,-1,FALSE) -> #REF! | AL93: =AK93 * 0.9 -> #REF! | AM93: =S93+W93 -> 619 | AN93: =IF(AE93>0, ROUND(AM93/AE93,3),0) -> 0.11 | AO93: =IF($W93>0,IF(AN93>0.8999,"Study 1", "OK"),"OK") -> OK | AP93: =T93+W93 -> 670 | AQ93: =IF(AG93>0, ROUND(AP93/AG93,3),0) -> 0.119 | AR93: =IF($W93>0,IF(AQ93>0.8999,"Study 1", "OK"),"OK") -> OK | AS93: =U93+W93 -> 705 | AT93: =IF(AI93>0, ROUND(AS93/AI93,3),0) -> 0.125 | AU93: =IF($W93>0,IF(AT93>0.8999,"Study 1", "OK"),"OK") -> OK | AV93: =V93+W93 -> 0 | AW93: =IF(AK93>0, ROUND(AV93/AK93,3),0) -> #REF! | AX93: =IF(AND(V93=0, AV93>0), "DATA1", IF(OR(AV93>AL93,BI93>0), IF(Y93="CONC. (ART-PLAN)", "STUDY 1", "STUDY 2"), "OK")) -> #REF! | BA93: =IF(AG93>0, X93/AG93, 0) -> 0 | BB93: =IF(AM93>AF93,1,0) -> 1 | BC93: =SUMIF(#REF!,#REF!, BB20:BB333) -> #REF! | BD93: =IF(AP93>AH93,1,0) -> 1 | BE93: =SUMIF(#REF!,#REF!, BD20:BD333) -> #REF! | BF93: =IF(AS93>AJ93,1,0) -> 0 | BG93: =SUMIF(#REF!,#REF!, BF20:BF333) -> #REF! | BH93: =IF(AV93>AL93,1,0) -> #REF! | BI93: =SUMIF(B20:B333, B93, BH20:BH333) -> 0
A94: 11290.8 | C94: SUNCOAST PKWY (SR589) | D94: URBAN BOUNDARY | E94: CENTRALIA | F94: 4F | H94: 2U | I94: Y | J94: H | N94: 6873 | O94: 7448 | P94: 7831 | R94: 0.09 | S94: 619 | T94: 670 | U94: 705 | V94: =ROUND(R94*Q94,0) -> 0 | Y94: GEN. TABLES | Z94: ='[1]Tier 1'!V94 -> C | AE94: ='[1]Tier 1'!W94 -> 5640 | AG94: ='[1]Tier 1'!X94 -> 5640 | AI94: ='[1]Tier 1'!Y94 -> 5640 | AJ94: =AI94 * 0.9 -> 5076 | AK94: =VLOOKUP(A94,#REF!,-1,FALSE) -> #REF! | AL94: =AK94 * 0.9 -> #REF! | AM94: =S94+W94 -> 619 | AN94: =IF(AE94>0, ROUND(AM94/AE94,3),0) -> 0.11 | AO94: =IF($W94>0,IF(AN94>0.8999,"Study 1", "OK"),"OK") -> OK | AP94: =T94+W94 -> 670 | AQ94: =IF(AG94>0, ROUND(AP94/AG94,3),0) -> 0.119 | AR94: =IF($W94>0,IF(AQ94>0.8999,"Study 1", "OK"),"OK") -> OK | AS94: =U94+W94 -> 705 | AT94: =IF(AI94>0, ROUND(AS94/AI94,3),0) -> 0.125 | AU94: =IF($W94>0,IF(AT94>0.8999,"Study 1", "OK"),"OK") -> OK | AV94: =V94+W94 -> 0 | AW94: =IF(AK94>0, ROUND(AV94/AK94,3),0) -> #REF! | AX94: =IF(AND(V94=0, AV94>0), "DATA1", IF(OR(AV94>AL94,BI94>0), IF(Y94="CONC. (ART-PLAN)", "STUDY 1", "STUDY 2"), "OK")) -> #REF! | BA94: =IF(AG94>0, X94/AG94, 0) -> 0 | BB94: =IF(AM94>AF94,1,0) -> 1 | BC94: =SUMIF(#REF!,#REF!, BB20:BB333) -> #REF! | BD94: =IF(AP94>AH94,1,0) -> 1 | BE94: =SUMIF(#REF!,#REF!, BD20:BD333) -> #REF! | BF94: =IF(AS94>AJ94,1,0) -> 0 | BG94: =SUMIF(#REF!,#REF!, BF20:BF333) -> #REF! | BH94: =IF(AV94>AL94,1,0) -> #REF! | BI94: =SUMIF(B20:B333, B94, BH20:BH333) -> 0
A95: 11290.9 | C95: SUNCOAST PKWY (SR589) | D95: CENTRALIA | E95: PONCE DE LEON BLVD (US98/SR700) | F95: 4F | H95: 2D | I95: Y | J95: H | N95: 6873 | O95: 7448 | P95: 7831 | R95: 0.09 | S95: 619 | T95: 670 | U95: 705 | V95: =ROUND(R95*Q95,0) -> 0 | Y95: GEN. TABLES | Z95: ='[1]Tier 1'!V95 -> C | AE95: ='[1]Tier 1'!W95 -> 5780 | AG95: ='[1]Tier 1'!X95 -> 5780 | AI95: ='[1]Tier 1'!Y95 -> 5780 | AJ95: =AI95 * 0.9 -> 5202 | AK95: =VLOOKUP(A95,#REF!,-1,FALSE) -> #REF! | AL95: =AK95 * 0.9 -> #REF! | AM95: =S95+W95 -> 619 | AN95: =IF(AE95>0, ROUND(AM95/AE95,3),0) -> 0.107 | AO95: =IF($W95>0,IF(AN95>0.8999,"Study 1", "OK"),"OK") -> OK | AP95: =T95+W95 -> 670 | AQ95: =IF(AG95>0, ROUND(AP95/AG95,3),0) -> 0.116 | AR95: =IF($W95>0,IF(AQ95>0.8999,"Study 1", "OK"),"OK") -> OK | AS95: =U95+W95 -> 705 | AT95: =IF(AI95>0, ROUND(AS95/AI95,3),0) -> 0.122 | AU95: =IF($W95>0,IF(AT95>0.8999,"Study 1", "OK"),"OK") -> OK | AV95: =V95+W95 -> 0 | AW95: =IF(AK95>0, ROUND(AV95/AK95,3),0) -> #REF! | AX95: =IF(AND(V95=0, AV95>0), "DATA1", IF(OR(AV95>AL95,BI95>0), IF(Y95="CONC. (ART-PLAN)", "STUDY 1", "STUDY 2"), "OK")) -> #REF! | BA95: =IF(AG95>0, X95/AG95, 0) -> 0 | BB95: =IF(AM95>AF95,1,0) -> 1 | BC95: =SUMIF(#REF!,#REF!, BB20:BB333) -> #REF! | BD95: =IF(AP95>AH95,1,0) -> 1 | BE95: =SUMIF(#REF!,#REF!, BD20:BD333) -> #REF! | BF95: =IF(AS95>AJ95,1,0) -> 0 | BG95: =SUMIF(#REF!,#REF!, BF20:BF333) -> #REF! | BH95: =IF(AV95>AL95,1,0) -> #REF! | BI95: =SUMIF(B20:B333, B95, BH20:BH333) -> 0
A96: 10615 | C96: PONCE DE LEON BLVD (US98/SR700) | D96: BROAD ST (US41/SR45) | E96: JEFFERSON ST (SR50A) | F96: 2U | H96: 2D | I96: Y | J96: N | N96: 7553 | O96: 7484 | P96: 7438 | R96: 0.09 | S96: 680 | T96: 674 | U96: 669 | V96: =ROUND(R96*Q96,0) -> 0 | Y96: GEN. TABLES | Z96: ='[1]Tier 1'!V96 -> C | AE96: ='[1]Tier 1'!W96 -> 660 | AG96: ='[1]Tier 1'!X96 -> 660 | AI96: ='[1]Tier 1'!Y96 -> 660 | AJ96: =AI96 * 0.9 -> 594 | AK96: =VLOOKUP(A96,#REF!,-1,FALSE) -> #REF! | AL96: =AK96 * 0.9 -> #REF! | AM96: =S96+W96 -> 680 | AN96: =IF(AE96>0, ROUND(AM96/AE96,3),0) -> 1.03 | AO96: =IF($W96>0,IF(AN96>0.8999,"Study 1", "OK"),"OK") -> OK | AP96: =T96+W96 -> 674 | AQ96: =IF(AG96>0, ROUND(AP96/AG96,3),0) -> 1.021 | AR96: =IF($W96>0,IF(AQ96>0.8999,"Study 1", "OK"),"OK") -> OK | AS96: =U96+W96 -> 669 | AT96: =IF(AI96>0, ROUND(AS96/AI96,3),0) -> 1.014 | AU96: =IF($W96>0,IF(AT96>0.8999,"Study 1", "OK"),"OK") -> OK | AV96: =V96+W96 -> 0 | AW96: =IF(AK96>0, ROUND(AV96/AK96,3),0) -> #REF! | AX96: =IF(AND(V96=0, AV96>0), "DATA1", IF(OR(AV96>AL96,BI96>0), IF(Y96="CONC. (ART-PLAN)", "STUDY 1", "STUDY 2"), "OK")) -> #REF! | BA96: =IF(AG96>0, X96/AG96, 0) -> 0 | BB96: =IF(AM96>AF96,1,0) -> 1 | BC96: =SUMIF(#REF!,#REF!, BB20:BB333) -> #REF! | BD96: =IF(AP96>AH96,1,0) -> 1 | BE96: =SUMIF(#REF!,#REF!, BD20:BD333) -> #REF! | BF96: =IF(AS96>AJ96,1,0) -> 1 | BG96: =SUMIF(#REF!,#REF!, BF20:BF333) -> #REF! | BH96: =IF(AV96>AL96,1,0) -> #REF! | BI96: =SUMIF(B20:B333, B96, BH20:BH333) -> 0
A97: 10620 | C97: PONCE DE LEON BLVD (US98/SR700) | D97: JEFFERSON ST (SR50A) | E97: FORT DADE AVE | F97: 2D | H97: 2U | I97: Y | J97: N | N97: 10710 | O97: 11366 | P97: 11825 | R97: 0.09 | S97: 964 | T97: 1023 | U97: 1064 | V97: =ROUND(R97*Q97,0) -> 0 | Y97: GEN. TABLES | Z97: ='[1]Tier 1'!V97 -> C | AE97: ='[1]Tier 1'!W97 -> 693 | AG97: ='[1]Tier 1'!X97 -> 693 | AI97: ='[1]Tier 1'!Y97 -> 693 | AJ97: =AI97 * 0.9 -> 623.7 | AK97: =VLOOKUP(A97,#REF!,-1,FALSE) -> #REF! | AL97: =AK97 * 0.9 -> #REF! | AM97: =S97+W97 -> 964 | AN97: =IF(AE97>0, ROUND(AM97/AE97,3),0) -> 1.391 | AO97: =IF($W97>0,IF(AN97>0.8999,"Study 1", "OK"),"OK") -> OK | AP97: =T97+W97 -> 1023 | AQ97: =IF(AG97>0, ROUND(AP97/AG97,3),0) -> 1.476 | AR97: =IF($W97>0,IF(AQ97>0.8999,"Study 1", "OK"),"OK") -> OK | AS97: =U97+W97 -> 1064 | AT97: =IF(AI97>0, ROUND(AS97/AI97,3),0) -> 1.535 | AU97: =IF($W97>0,IF(AT97>0.8999,"Study 1", "OK"),"OK") -> OK | AV97: =V97+W97 -> 0 | AW97: =IF(AK97>0, ROUND(AV97/AK97,3),0) -> #REF! | AX97: =IF(AND(V97=0, AV97>0), "DATA1", IF(OR(AV97>AL97,BI97>0), IF(Y97="CONC. (ART-PLAN)", "STUDY 1", "STUDY 2"), "OK")) -> #REF! | BA97: =IF(AG97>0, X97/AG97, 0) -> 0 | BB97: =IF(AM97>AF97,1,0) -> 1 | BC97: =SUMIF(#REF!,#REF!, BB20:BB333) -> #REF! | BD97: =IF(AP97>AH97,1,0) -> 1 | BE97: =SUMIF(#REF!,#REF!, BD20:BD333) -> #REF! | BF97: =IF(AS97>AJ97,1,0) -> 1 | BG97: =SUMIF(#REF!,#REF!, BF20:BF333) -> #REF! | BH97: =IF(AV97>AL97,1,0) -> #REF! | BI97: =SUMIF(B20:B333, B97, BH20:BH333) -> 0
A98: 10630 | C98: PONCE DE LEON BLVD (US98/SR700) | D98: FORT DADE AVE | E98: YONTZ RD | F98: 2D | H98: 2U | I98: Y | J98: N | N98: 6630 | O98: 7036 | P98: 7320 | R98: 0.09 | S98: 597 | T98: 633 | U98: 659 | V98: =ROUND(R98*Q98,0) -> 0 | Y98: GEN. TABLES | Z98: ='[1]Tier 1'!V98 -> C | AE98: ='[1]Tier 1'!W98 -> 693 | AG98: ='[1]Tier 1'!X98 -> 693 | AI98: ='[1]Tier 1'!Y98 -> 693 | AJ98: =AI98 * 0.9 -> 623.7 | AK98: =VLOOKUP(A98,#REF!,-1,FALSE) -> #REF! | AL98: =AK98 * 0.9 -> #REF! | AM98: =S98+W98 -> 597 | AN98: =IF(AE98>0, ROUND(AM98/AE98,3),0) -> 0.861 | AO98: =IF($W98>0,IF(AN98>0.8999,"Study 1", "OK"),"OK") -> OK | AP98: =T98+W98 -> 633 | AQ98: =IF(AG98>0, ROUND(AP98/AG98,3),0) -> 0.913 | AR98: =IF($W98>0,IF(AQ98>0.8999,"Study 1", "OK"),"OK") -> OK | AS98: =U98+W98 -> 659 | AT98: =IF(AI98>0, ROUND(AS98/AI98,3),0) -> 0.951 | AU98: =IF($W98>0,IF(AT98>0.8999,"Study 1", "OK"),"OK") -> OK | AV98: =V98+W98 -> 0 | AW98: =IF(AK98>0, ROUND(AV98/AK98,3),0) -> #REF! | AX98: =IF(AND(V98=0, AV98>0), "DATA1", IF(OR(AV98>AL98,BI98>0), IF(Y98="CONC. (ART-PLAN)", "STUDY 1", "STUDY 2"), "OK")) -> #REF! | BA98: =IF(AG98>0, X98/AG98, 0) -> 0 | BB98: =IF(AM98>AF98,1,0) -> 1 | BC98: =SUMIF(#REF!,#REF!, BB20:BB333) -> #REF! | BD98: =IF(AP98>AH98,1,0) -> 1 | BE98: =SUMIF(#REF!,#REF!, BD20:BD333) -> #REF! | BF98: =IF(AS98>AJ98,1,0) -> 1 | BG98: =SUMIF(#REF!,#REF!, BF20:BF333) -> #REF! | BH98: =IF(AV98>AL98,1,0) -> #REF! | BI98: =SUMIF(B20:B333, B98, BH20:BH333) -> 0
A99: 10640 | C99: PONCE DE LEON BLVD (US98/SR700) | D99: YONTZ RD | E99: COBB RD | F99: 2U | H99: 2U | I99: Y | J99: N | N99: 5741 | O99: 6093 | P99: 6339 | R99: 0.09 | S99: 517 | T99: 548 | U99: 570 | V99: =ROUND(R99*Q99,0) -> 0 | Y99: GEN. TABLES | Z99: ='[1]Tier 1'!V99 -> C | AE99: ='[1]Tier 1'!W99 -> 1510 | AG99: ='[1]Tier 1'!X99 -> 1510 | AI99: ='[1]Tier 1'!Y99 -> 1510 | AJ99: =AI99 * 0.9 -> 1359 | AK99: =VLOOKUP(A99,#REF!,-1,FALSE) -> #REF! | AL99: =AK99 * 0.9 -> #REF! | AM99: =S99+W99 -> 517 | AN99: =IF(AE99>0, ROUND(AM99/AE99,3),0) -> 0.342 | AO99: =IF($W99>0,IF(AN99>0.8999,"Study 1", "OK"),"OK") -> OK | AP99: =T99+W99 -> 548 | AQ99: =IF(AG99>0, ROUND(AP99/AG99,3),0) -> 0.363 | AR99: =IF($W99>0,IF(AQ99>0.8999,"Study 1", "OK"),"OK") -> OK | AS99: =U99+W99 -> 570 | AT99: =IF(AI99>0, ROUND(AS99/AI99,3),0) -> 0.377 | AU99: =IF($W99>0,IF(AT99>0.8999,"Study 1", "OK"),"OK") -> OK | AV99: =V99+W99 -> 0 | AW99: =IF(AK99>0, ROUND(AV99/AK99,3),0) -> #REF! | AX99: =IF(AND(V99=0, AV99>0), "DATA1", IF(OR(AV99>AL99,BI99>0), IF(Y99="CONC. (ART-PLAN)", "STUDY 1", "STUDY 2"), "OK")) -> #REF! | BA99: =IF(AG99>0, X99/AG99, 0) -> 0 | BB99: =IF(AM99>AF99,1,0) -> 1 | BC99: =SUMIF(#REF!,#REF!, BB20:BB333) -> #REF! | BD99: =IF(AP99>AH99,1,0) -> 1 | BE99: =SUMIF(#REF!,#REF!, BD20:BD333) -> #REF! | BF99: =IF(AS99>AJ99,1,0) -> 0 | BG99: =SUMIF(#REF!,#REF!, BF20:BF333) -> #REF! | BH99: =IF(AV99>AL99,1,0) -> #REF! | BI99: =SUMIF(B20:B333, B99, BH20:BH333) -> 0
A100: 10650 | C100: PONCE DE LEON BLVD (US98/SR700) | D100: COBB RD | E100: LAKE LINDSEY RD | F100: 2U | H100: 2U | I100: Y | J100: N | N100: 6222 | O100: 6325 | P100: 6564 | R100: 0.09 | S100: 560 | T100: 569 | U100: 591 | V100: =ROUND(R100*Q100,0) -> 0 | Y100: GEN. TABLES | Z100: ='[1]Tier 1'!V100 -> C | AE100: ='[1]Tier 1'!W100 -> 1560 | AG100: ='[1]Tier 1'!X100 -> 1560 | AI100: ='[1]Tier 1'!Y100 -> 1560 | AJ100: =AI100 * 0.9 -> 1404 | AK100: =VLOOKUP(A100,#REF!,-1,FALSE) -> #REF! | AL100: =AK100 * 0.9 -> #REF! | AM100: =S100+W100 -> 560 | AN100: =IF(AE100>0, ROUND(AM100/AE100,3),0) -> 0.359 | AO100: =IF($W100>0,IF(AN100>0.8999,"Study 1", "OK"),"OK") -> OK | AP100: =T100+W100 -> 569 | AQ100: =IF(AG100>0, ROUND(AP100/AG100,3),0) -> 0.365 | AR100: =IF($W100>0,IF(AQ100>0.8999,"Study 1", "OK"),"OK") -> OK | AS100: =U100+W100 -> 591 | AT100: =IF(AI100>0, ROUND(AS100/AI100,3),0) -> 0.379 | AU100: =IF($W100>0,IF(AT100>0.8999,"Study 1", "OK"),"OK") -> OK | AV100: =V100+W100 -> 0 | AW100: =IF(AK100>0, ROUND(AV100/AK100,3),0) -> #REF! | AX100: =IF(AND(V100=0, AV100>0), "DATA1", IF(OR(AV100>AL100,BI100>0), IF(Y100="CONC. (ART-PLAN)", "STUDY 1", "STUDY 2"), "OK")) -> #REF! | BA100: =IF(AG100>0, X100/AG100, 0) -> 0 | BB100: =IF(AM100>AF100,1,0) -> 1 | BC100: =SUMIF(#REF!,#REF!, BB20:BB333) -> #REF! | BD100: =IF(AP100>AH100,1,0) -> 1 | BE100: =SUMIF(#REF!,#REF!, BD20:BD333) -> #REF! | BF100: =IF(AS100>AJ100,1,0) -> 0 | BG100: =SUMIF(#REF!,#REF!, BF20:BF333) -> #REF! | BH100: =IF(AV100>AL100,1,0) -> #REF! | BI100: =SUMIF(B20:B333, B100, BH20:BH333) -> 0
A101: 10660 | C101: PONCE DE LEON BLVD (US98/SR700) | D101: LAKE LINDSEY RD | E101: CITRUS WAY | F101: 2U | H101: 4D | I101: Y | J101: N | N101: 5100 | O101: 5024 | P101: 5133 | R101: 0.09 | S101: 459 | T101: 452 | U101: 462 | V101: =ROUND(R101*Q101,0) -> 0 | Y101: GEN. TABLES | Z101: ='[1]Tier 1'!V101 -> C | AE101: ='[1]Tier 1'!W101 -> 1490 | AG101: ='[1]Tier 1'!X101 -> 1490 | AI101: ='[1]Tier 1'!Y101 -> 1490 | AJ101: =AI101 * 0.9 -> 1341 | AK101: =VLOOKUP(A101,#REF!,-1,FALSE) -> #REF! | AL101: =AK101 * 0.9 -> #REF! | AM101: =S101+W101 -> 459 | AN101: =IF(AE101>0, ROUND(AM101/AE101,3),0) -> 0.308 | AO101: =IF($W101>0,IF(AN101>0.8999,"Study 1", "OK"),"OK") -> OK | AP101: =T101+W101 -> 452 | AQ101: =IF(AG101>0, ROUND(AP101/AG101,3),0) -> 0.303 | AR101: =IF($W101>0,IF(AQ101>0.8999,"Study 1", "OK"),"OK") -> OK | AS101: =U101+W101 -> 462 | AT101: =IF(AI101>0, ROUND(AS101/AI101,3),0) -> 0.31 | AU101: =IF($W101>0,IF(AT101>0.8999,"Study 1", "OK"),"OK") -> OK | AV101: =V101+W101 -> 0 | AW101: =IF(AK101>0, ROUND(AV101/AK101,3),0) -> #REF! | AX101: =IF(AND(V101=0, AV101>0), "DATA1", IF(OR(AV101>AL101,BI101>0), IF(Y101="CONC. (ART-PLAN)", "STUDY 1", "STUDY 2"), "OK")) -> #REF! | BA101: =IF(AG101>0, X101/AG101, 0) -> 0 | BB101: =IF(AM101>AF101,1,0) -> 1 | BC101: =SUMIF(#REF!,#REF!, BB20:BB333) -> #REF! | BD101: =IF(AP101>AH101,1,0) -> 1 | BE101: =SUMIF(#REF!,#REF!, BD20:BD333) -> #REF! | BF101: =IF(AS101>AJ101,1,0) -> 0 | BG101: =SUMIF(#REF!,#REF!, BF20:BF333) -> #REF! | BH101: =IF(AV101>AL101,1,0) -> #REF! | BI101: =SUMIF(B20:B333, B101, BH20:BH333) -> 0
A102: 10670.6 | C102: PONCE DE LEON BLVD (US98/SR700) | D102: CITRUS WAY | E102: LANDFILL RD | F102: 2U | H102: 4D | I102: Y | J102: N | N102: 4887 | O102: 5299 | P102: 5575 | R102: 0.09 | S102: 440 | T102: 477 | U102: 502 | V102: =ROUND(R102*Q102,0) -> 0 | Y102: GEN. TABLES | Z102: ='[1]Tier 1'!V102 -> C | AE102: ='[1]Tier 1'!W102 -> 1490 | AG102: ='[1]Tier 1'!X102 -> 1490 | AI102: ='[1]Tier 1'!Y102 -> 1490 | AJ102: =AI102 * 0.9 -> 1341 | AK102: =VLOOKUP(A102,#REF!,-1,FALSE) -> #REF! | AL102: =AK102 * 0.9 -> #REF! | AM102: =S102+W102 -> 440 | AN102: =IF(AE102>0, ROUND(AM102/AE102,3),0) -> 0.295 | AO102: =IF($W102>0,IF(AN102>0.8999,"Study 1", "OK"),"OK") -> OK | AP102: =T102+W102 -> 477 | AQ102: =IF(AG102>0, ROUND(AP102/AG102,3),0) -> 0.32 | AR102: =IF($W102>0,IF(AQ102>0.8999,"Study 1", "OK"),"OK") -> OK | AS102: =U102+W102 -> 502 | AT102: =IF(AI102>0, ROUND(AS102/AI102,3),0) -> 0.337 | AU102: =IF($W102>0,IF(AT102>0.8999,"Study 1", "OK"),"OK") -> OK | AV102: =V102+W102 -> 0 | AW102: =IF(AK102>0, ROUND(AV102/AK102,3),0) -> #REF! | AX102: =IF(AND(V102=0, AV102>0), "DATA1", IF(OR(AV102>AL102,BI102>0), IF(Y102="CONC. (ART-PLAN)", "STUDY 1", "STUDY 2"), "OK")) -> #REF! | BA102: =IF(AG102>0, X102/AG102, 0) -> 0 | BB102: =IF(AM102>AF102,1,0) -> 1 | BC102: =SUMIF(#REF!,#REF!, BB20:BB333) -> #REF! | BD102: =IF(AP102>AH102,1,0) -> 1 | BE102: =SUMIF(#REF!,#REF!, BD20:BD333) -> #REF! | BF102: =IF(AS102>AJ102,1,0) -> 0 | BG102: =SUMIF(#REF!,#REF!, BF20:BF333) -> #REF! | BH102: =IF(AV102>AL102,1,0) -> #REF! | BI102: =SUMIF(B20:B333, B102, BH20:BH333) -> 0
A103: 10670.8 | C103: PONCE DE LEON BLVD (US98/SR700) | D103: LANDFILL RD | E103: \ | F103: 4D | H103: 4D | I103: Y | J103: N | N103: 4887 | O103: 5299 | P103: 5575 | R103: 0.09 | S103: 440 | T103: 477 | U103: 502 | V103: =ROUND(R103*Q103,0) -> 0 | Y103: GEN. TABLES | Z103: ='[1]Tier 1'!V103 -> C | AE103: ='[1]Tier 1'!W103 -> 4490 | AG103: ='[1]Tier 1'!X103 -> 4490 | AI103: ='[1]Tier 1'!Y103 -> 4490 | AJ103: =AI103 * 0.9 -> 4041 | AK103: =VLOOKUP(A103,#REF!,-1,FALSE) -> #REF! | AL103: =AK103 * 0.9 -> #REF! | AM103: =S103+W103 -> 440 | AN103: =IF(AE103>0, ROUND(AM103/AE103,3),0) -> 0.098 | AO103: =IF($W103>0,IF(AN103>0.8999,"Study 1", "OK"),"OK") -> OK | AP103: =T103+W103 -> 477 | AQ103: =IF(AG103>0, ROUND(AP103/AG103,3),0) -> 0.106 | AR103: =IF($W103>0,IF(AQ103>0.8999,"Study 1", "OK"),"OK") -> OK | AS103: =U103+W103 -> 502 | AT103: =IF(AI103>0, ROUND(AS103/AI103,3),0) -> 0.112 | AU103: =IF($W103>0,IF(AT103>0.8999,"Study 1", "OK"),"OK") -> OK | AV103: =V103+W103 -> 0 | AW103: =IF(AK103>0, ROUND(AV103/AK103,3),0) -> #REF! | AX103: =IF(AND(V103=0, AV103>0), "DATA1", IF(OR(AV103>AL103,BI103>0), IF(Y103="CONC. (ART-PLAN)", "STUDY 1", "STUDY 2"), "OK")) -> #REF! | BA103: =IF(AG103>0, X103/AG103, 0) -> 0 | BB103: =IF(AM103>AF103,1,0) -> 1 | BC103: =SUMIF(#REF!,#REF!, BB20:BB333) -> #REF! | BD103: =IF(AP103>AH103,1,0) -> 1 | BE103: =SUMIF(#REF!,#REF!, BD20:BD333) -> #REF! | BF103: =IF(AS103>AJ103,1,0) -> 0 | BG103: =SUMIF(#REF!,#REF!, BF20:BF333) -> #REF! | BH103: =IF(AV103>AL103,1,0) -> #REF! | BI103: =SUMIF(B20:B333, B103, BH20:BH333) -> 0
A104: 10670.9 | C104: PONCE DE LEON BLVD (US98/SR700) | D104: SUNCOAST PKWY NB RAMP | E104: SUNCOAST PKWY SB RAMP | F104: 4D | H104: 4D | I104: Y | J104: N | N104: 4887 | O104: 5299 | P104: 5575 | R104: 0.09 | S104: 440 | T104: 477 | U104: 502 | V104: =ROUND(R104*Q104,0) -> 0 | Y104: GEN. TABLES | Z104: ='[1]Tier 1'!V104 -> C | AE104: ='[1]Tier 1'!W104 -> 4490 | AG104: ='[1]Tier 1'!X104 -> 4490 | AI104: ='[1]Tier 1'!Y104 -> 4490 | AJ104: =AI104 * 0.9 -> 4041 | AK104: =VLOOKUP(A104,#REF!,-1,FALSE) -> #REF! | AL104: =AK104 * 0.9 -> #REF! | AM104: =S104+W104 -> 440 | AN104: =IF(AE104>0, ROUND(AM104/AE104,3),0) -> 0.098 | AO104: =IF($W104>0,IF(AN104>0.8999,"Study 1", "OK"),"OK") -> OK | AP104: =T104+W104 -> 477 | AQ104: =IF(AG104>0, ROUND(AP104/AG104,3),0) -> 0.106 | AR104: =IF($W104>0,IF(AQ104>0.8999,"Study 1", "OK"),"OK") -> OK | AS104: =U104+W104 -> 502 | AT104: =IF(AI104>0, ROUND(AS104/AI104,3),0) -> 0.112 | AU104: =IF($W104>0,IF(AT104>0.8999,"Study 1", "OK"),"OK") -> OK | AV104: =V104+W104 -> 0 | AW104: =IF(AK104>0, ROUND(AV104/AK104,3),0) -> #REF! | AX104: =IF(AND(V104=0, AV104>0), "DATA1", IF(OR(AV104>AL104,BI104>0), IF(Y104="CONC. (ART-PLAN)", "STUDY 1", "STUDY 2"), "OK")) -> #REF! | BA104: =IF(AG104>0, X104/AG104, 0) -> 0 | BB104: =IF(AM104>AF104,1,0) -> 1 | BC104: =SUMIF(#REF!,#REF!, BB20:BB333) -> #REF! | BD104: =IF(AP104>AH104,1,0) -> 1 | BE104: =SUMIF(#REF!,#REF!, BD20:BD333) -> #REF! | BF104: =IF(AS104>AJ104,1,0) -> 0 | BG104: =SUMIF(#REF!,#REF!, BF20:BF333) -> #REF! | BH104: =IF(AV104>AL104,1,0) -> #REF! | BI104: =SUMIF(B20:B333, B104, BH20:BH333) -> 0
A105: 10680.3 | C105: PONCE DE LEON BLVD (US98/SR700) | D105: SUNCOAST PKWY SB RAMP | E105: SUNSHINE GROVE RD | F105: 4D | H105: 2U | I105: Y | J105: H | N105: 8670 | O105: 8921 | P105: 9365 | R105: 0.09 | S105: 780 | T105: 803 | U105: 843 | V105: =ROUND(R105*Q105,0) -> 0 | Y105: GEN. TABLES | Z105: ='[1]Tier 1'!V105 -> C | AE105: ='[1]Tier 1'!W105 -> 4490 | AG105: ='[1]Tier 1'!X105 -> 4490 | AI105: ='[1]Tier 1'!Y105 -> 4490 | AJ105: =AI105 * 0.9 -> 4041 | AK105: =VLOOKUP(A105,#REF!,-1,FALSE) -> #REF! | AL105: =AK105 * 0.9 -> #REF! | AM105: =S105+W105 -> 780 | AN105: =IF(AE105>0, ROUND(AM105/AE105,3),0) -> 0.174 | AO105: =IF($W105>0,IF(AN105>0.8999,"Study 1", "OK"),"OK") -> OK | AP105: =T105+W105 -> 803 | AQ105: =IF(AG105>0, ROUND(AP105/AG105,3),0) -> 0.179 | AR105: =IF($W105>0,IF(AQ105>0.8999,"Study 1", "OK"),"OK") -> OK | AS105: =U105+W105 -> 843 | AT105: =IF(AI105>0, ROUND(AS105/AI105,3),0) -> 0.188 | AU105: =IF($W105>0,IF(AT105>0.8999,"Study 1", "OK"),"OK") -> OK | AV105: =V105+W105 -> 0 | AW105: =IF(AK105>0, ROUND(AV105/AK105,3),0) -> #REF! | AX105: =IF(AND(V105=0, AV105>0), "DATA1", IF(OR(AV105>AL105,BI105>0), IF(Y105="CONC. (ART-PLAN)", "STUDY 1", "STUDY 2"), "OK")) -> #REF! | BA105: =IF(AG105>0, X105/AG105, 0) -> 0 | BB105: =IF(AM105>AF105,1,0) -> 1 | BC105: =SUMIF(#REF!,#REF!, BB20:BB333) -> #REF! | BD105: =IF(AP105>AH105,1,0) -> 1 | BE105: =SUMIF(#REF!,#REF!, BD20:BD333) -> #REF! | BF105: =IF(AS105>AJ105,1,0) -> 0 | BG105: =SUMIF(#REF!,#REF!, BF20:BF333) -> #REF! | BH105: =IF(AV105>AL105,1,0) -> #REF! | BI105: =SUMIF(B20:B333, B105, BH20:BH333) -> 0
A106: 10690 | C106: PONCE DE LEON BLVD (US98/SR700) | D106: SUNSHINE GROVE RD | E106: CITRUS COUNTY LINE | F106: 4D | H106: 6D | I106: Y | J106: H | N106: 8670 | O106: 8921 | P106: 9365 | R106: 0.09 | S106: 780 | T106: 803 | U106: 843 | V106: =ROUND(R106*Q106,0) -> 0 | Y106: GEN. TABLES | Z106: ='[1]Tier 1'!V106 -> C | AE106: ='[1]Tier 1'!W106 -> 4490 | AG106: ='[1]Tier 1'!X106 -> 4490 | AI106: ='[1]Tier 1'!Y106 -> 4490 | AJ106: =AI106 * 0.9 -> 4041 | AK106: =VLOOKUP(A106,#REF!,-1,FALSE) -> #REF! | AL106: =AK106 * 0.9 -> #REF! | AM106: =S106+W106 -> 780 | AN106: =IF(AE106>0, ROUND(AM106/AE106,3),0) -> 0.174 | AO106: =IF($W106>0,IF(AN106>0.8999,"Study 1", "OK"),"OK") -> OK | AP106: =T106+W106 -> 803 | AQ106: =IF(AG106>0, ROUND(AP106/AG106,3),0) -> 0.179 | AR106: =IF($W106>0,IF(AQ106>0.8999,"Study 1", "OK"),"OK") -> OK | AS106: =U106+W106 -> 843 | AT106: =IF(AI106>0, ROUND(AS106/AI106,3),0) -> 0.188 | AU106: =IF($W106>0,IF(AT106>0.8999,"Study 1", "OK"),"OK") -> OK | AV106: =V106+W106 -> 0 | AW106: =IF(AK106>0, ROUND(AV106/AK106,3),0) -> #REF! | AX106: =IF(AND(V106=0, AV106>0), "DATA1", IF(OR(AV106>AL106,BI106>0), IF(Y106="CONC. (ART-PLAN)", "STUDY 1", "STUDY 2"), "OK")) -> #REF! | BA106: =IF(AG106>0, X106/AG106, 0) -> 0 | BB106: =IF(AM106>AF106,1,0) -> 1 | BC106: =SUMIF(#REF!,#REF!, BB20:BB333) -> #REF! | BD106: =IF(AP106>AH106,1,0) -> 1 | BE106: =SUMIF(#REF!,#REF!, BD20:BD333) -> #REF! | BF106: =IF(AS106>AJ106,1,0) -> 0 | BG106: =SUMIF(#REF!,#REF!, BF20:BF333) -> #REF! | BH106: =IF(AV106>AL106,1,0) -> #REF! | BI106: =SUMIF(B20:B333, B106, BH20:BH333) -> 0
A107: 1333 | C107: MILDRED AVE (SR45/SR700/SR50A) | D107: BROAD ST (US41/SR45) | E107: JEFFERSON ST (SR50) | F107: 2U | H107: 6D | I107: Y | J107: N | N107: 9486 | O107: 10067 | P107: 9544 | R107: 0.09 | S107: 854 | T107: 906 | U107: 859 | V107: =ROUND(R107*Q107,0) -> 0 | Y107: GEN. TABLES | Z107: ='[1]Tier 1'!V107 -> C | AE107: ='[1]Tier 1'!W107 -> 660 | AG107: ='[1]Tier 1'!X107 -> 660 | AI107: ='[1]Tier 1'!Y107 -> 660 | AJ107: =AI107 * 0.9 -> 594 | AK107: =VLOOKUP(A107,#REF!,-1,FALSE) -> #REF! | AL107: =AK107 * 0.9 -> #REF! | AM107: =S107+W107 -> 854 | AN107: =IF(AE107>0, ROUND(AM107/AE107,3),0) -> 1.294 | AO107: =IF($W107>0,IF(AN107>0.8999,"Study 1", "OK"),"OK") -> OK | AP107: =T107+W107 -> 906 | AQ107: =IF(AG107>0, ROUND(AP107/AG107,3),0) -> 1.373 | AR107: =IF($W107>0,IF(AQ107>0.8999,"Study 1", "OK"),"OK") -> OK | AS107: =U107+W107 -> 859 | AT107: =IF(AI107>0, ROUND(AS107/AI107,3),0) -> 1.302 | AU107: =IF($W107>0,IF(AT107>0.8999,"Study 1", "OK"),"OK") -> OK | AV107: =V107+W107 -> 0 | AW107: =IF(AK107>0, ROUND(AV107/AK107,3),0) -> #REF! | AX107: =IF(AND(V107=0, AV107>0), "DATA1", IF(OR(AV107>AL107,BI107>0), IF(Y107="CONC. (ART-PLAN)", "STUDY 1", "STUDY 2"), "OK")) -> #REF! | BA107: =IF(AG107>0, X107/AG107, 0) -> 0 | BB107: =IF(AM107>AF107,1,0) -> 1 | BC107: =SUMIF(#REF!,#REF!, BB20:BB333) -> #REF! | BD107: =IF(AP107>AH107,1,0) -> 1 | BE107: =SUMIF(#REF!,#REF!, BD20:BD333) -> #REF! | BF107: =IF(AS107>AJ107,1,0) -> 1 | BG107: =SUMIF(#REF!,#REF!, BF20:BF333) -> #REF! | BH107: =IF(AV107>AL107,1,0) -> #REF! | BI107: =SUMIF(B20:B333, B107, BH20:BH333) -> 0
A108: 2110 | C108: CORTEZ BLVD BYPASS (SR50) | D108: COBB RD | E108: W OF BUCK HOPE RD | F108: 4D | H108: 6D | I108: Y | J108: H | N108: 32640 | O108: 34638 | P108: 36037 | R108: 0.09 | S108: 2938 | T108: 3117 | U108: 3243 | V108: =ROUND(R108*Q108,0) -> 0 | Y108: GEN. TABLES | Z108: ='[1]Tier 1'!V108 -> C | AE108: ='[1]Tier 1'!W108 -> 1310 | AG108: ='[1]Tier 1'!X108 -> 1310 | AI108: ='[1]Tier 1'!Y108 -> 2090 | AJ108: =AI108 * 0.9 -> 1881 | AK108: =VLOOKUP(A108,#REF!,-1,FALSE) -> #REF! | AL108: =AK108 * 0.9 -> #REF! | AM108: =S108+W108 -> 2938 | AN108: =IF(AE108>0, ROUND(AM108/AE108,3),0) -> 2.243 | AO108: =IF($W108>0,IF(AN108>0.8999,"Study 1", "OK"),"OK") -> OK | AP108: =T108+W108 -> 3117 | AQ108: =IF(AG108>0, ROUND(AP108/AG108,3),0) -> 2.379 | AR108: =IF($W108>0,IF(AQ108>0.8999,"Study 1", "OK"),"OK") -> OK | AS108: =U108+W108 -> 3243 | AT108: =IF(AI108>0, ROUND(AS108/AI108,3),0) -> 1.552 | AU108: =IF($W108>0,IF(AT108>0.8999,"Study 1", "OK"),"OK") -> OK | AV108: =V108+W108 -> 0 | AW108: =IF(AK108>0, ROUND(AV108/AK108,3),0) -> #REF! | AX108: =IF(AND(V108=0, AV108>0), "DATA1", IF(OR(AV108>AL108,BI108>0), IF(Y108="CONC. (ART-PLAN)", "STUDY 1", "STUDY 2"), "OK")) -> #REF! | BA108: =IF(AG108>0, X108/AG108, 0) -> 0 | BB108: =IF(AM108>AF108,1,0) -> 1 | BC108: =SUMIF(#REF!,#REF!, BB20:BB333) -> #REF! | BD108: =IF(AP108>AH108,1,0) -> 1 | BE108: =SUMIF(#REF!,#REF!, BD20:BD333) -> #REF! | BF108: =IF(AS108>AJ108,1,0) -> 1 | BG108: =SUMIF(#REF!,#REF!, BF20:BF333) -> #REF! | BH108: =IF(AV108>AL108,1,0) -> #REF! | BI108: =SUMIF(B20:B333, B108, BH20:BH333) -> 0
A109: 2120.1 | C109: CORTEZ BLVD BYPASS (SR50) | D109: W OF BUCK HOPE RD | E109: RAY BROWNING RD | F109: 4D | H109: 6D | I109: Y | J109: H | N109: 32640 | O109: 34638 | P109: 36037 | R109: 0.09 | S109: 2938 | T109: 3117 | U109: 3243 | V109: =ROUND(R109*Q109,0) -> 0 | Y109: GEN. TABLES | Z109: ='[1]Tier 1'!V109 -> C | AE109: ='[1]Tier 1'!W109 -> 1310 | AG109: ='[1]Tier 1'!X109 -> 1310 | AI109: ='[1]Tier 1'!Y109 -> 2090 | AJ109: =AI109 * 0.9 -> 1881 | AK109: =VLOOKUP(A109,#REF!,-1,FALSE) -> #REF! | AL109: =AK109 * 0.9 -> #REF! | AM109: =S109+W109 -> 2938 | AN109: =IF(AE109>0, ROUND(AM109/AE109,3),0) -> 2.243 | AO109: =IF($W109>0,IF(AN109>0.8999,"Study 1", "OK"),"OK") -> OK | AP109: =T109+W109 -> 3117 | AQ109: =IF(AG109>0, ROUND(AP109/AG109,3),0) -> 2.379 | AR109: =IF($W109>0,IF(AQ109>0.8999,"Study 1", "OK"),"OK") -> OK | AS109: =U109+W109 -> 3243 | AT109: =IF(AI109>0, ROUND(AS109/AI109,3),0) -> 1.552 | AU109: =IF($W109>0,IF(AT109>0.8999,"Study 1", "OK"),"OK") -> OK | AV109: =V109+W109 -> 0 | AW109: =IF(AK109>0, ROUND(AV109/AK109,3),0) -> #REF! | AX109: =IF(AND(V109=0, AV109>0), "DATA1", IF(OR(AV109>AL109,BI109>0), IF(Y109="CONC. (ART-PLAN)", "STUDY 1", "STUDY 2"), "OK")) -> #REF! | BA109: =IF(AG109>0, X109/AG109, 0) -> 0 | BB109: =IF(AM109>AF109,1,0) -> 1 | BC109: =SUMIF(#REF!,#REF!, BB20:BB333) -> #REF! | BD109: =IF(AP109>AH109,1,0) -> 1 | BE109: =SUMIF(#REF!,#REF!, BD20:BD333) -> #REF! | BF109: =IF(AS109>AJ109,1,0) -> 1 | BG109: =SUMIF(#REF!,#REF!, BF20:BF333) -> #REF! | BH109: =IF(AV109>AL109,1,0) -> #REF! | BI109: =SUMIF(B20:B333, B109, BH20:BH333) -> 0
...

Sheet Input
L6: Exiting | O6: Improved | R6: =$AA$2&" Existing Conditions" -> Existing Conditions | AJ6: Daily/2way/Directional per Agency
B7: Seg | C7: Segment Information | F7: Exist | G7: Imp | H7: LOS | I7: Functonal | J7: Facility | K7: Context | L7: Daily | M7: 2-Way | N7: Dir | O7: Daily | P7: Peak | Q7: Dir | R7: Daily | U7: AM 2-Way | X7: PM 2-Way | AA7: AM Directional | AE7: PM Directional | AI7: GR | AJ7: Adjusted Service Volumes
B8: ID | C8: Roadway | D8: From | E8: To | F8: Lns | G8: Lns | H8: Std | I8: Classification | J8: Type | K8: Classification | L8: Cap | M8: Cap | N8: Cap | O8: Cap | P8: Cap | Q8: Cap | R8: Volume | S8: V/C | T8: LOS | U8: Vol | V8: V/C | W8: LOS | X8: Vol | Y8: V/C | Z8: LOS | AA8: NB/EB | AB8: SB/WB | AC8: V/C | AD8: LOS | AE8: NB/EB | AF8: SB/WB | AG8: V/C | AH8: LOS | AJ8: B | AK8: C | AL8: D | AM8: E
B9: =Sheet1!A20 -> 10810 | C9: =Sheet1!C20 -> TREIMAN BLVD (US301/SR35) | D9: =Sheet1!D20 -> PASCO COUNTY LINE | E9: =Sheet1!E20 -> CORTEZ BLVD (SR50) | F9: =Sheet1!F20 -> 2U | G9: =Sheet1!H20 -> 2U | H9: =Sheet1!Z20 -> C | M9: =Sheet1!AI20 -> 4020 | R9: =Sheet1!P20 -> 7287 | X9: =Sheet1!AS20 -> 656 | Y9: =Sheet1!AT20 -> 0.163
B10: =Sheet1!A21 -> 10820 | C10: =Sheet1!C21 -> TREIMAN BLVD (US301/SR35) | D10: =Sheet1!D21 -> CORTEZ BLVD (SR50) | E10: =Sheet1!E21 -> RIDGE MANOR BLVD | F10: =Sheet1!F21 -> 2U | G10: =Sheet1!H21 -> 2U | H10: =Sheet1!Z21 -> C | M10: =Sheet1!AI21 -> 820 | R10: =Sheet1!P21 -> 8669 | X10: =Sheet1!AS21 -> 780 | Y10: =Sheet1!AT21 -> 0.951
B11: =Sheet1!A22 -> 10830 | C11: =Sheet1!C22 -> TREIMAN BLVD (US301/SR35) | D11: =Sheet1!D22 -> RIDGE MANOR BLVD | E11: =Sheet1!E22 -> SUMTER COUNTY LINE | F11: =Sheet1!F22 -> 2U | G11: =Sheet1!H22 -> 4D | H11: =Sheet1!Z22 -> C | M11: =Sheet1!AI22 -> 1490 | R11: =Sheet1!P22 -> 5327 | X11: =Sheet1!AS22 -> 479 | Y11: =Sheet1!AT22 -> 0.321
B12: =Sheet1!A23 -> 10060 | C12: =Sheet1!C23 -> BROAD ST (US41/SR45) | D12: =Sheet1!D23 -> COUNTY LINE RD | E12: =Sheet1!E23 -> AYERS RD | F12: =Sheet1!F23 -> 2U | G12: =Sheet1!H23 -> 4D | H12: =Sheet1!Z23 -> C | M12: =Sheet1!AI23 -> 1510 | R12: =Sheet1!P23 -> 17465 | X12: =Sheet1!AS23 -> 1572 | Y12: =Sheet1!AT23 -> 1.041
B13: =Sheet1!A24 -> 10070.1 | C13: =Sheet1!C24 -> BROAD ST (US41/SR45) | D13: =Sheet1!D24 -> AYERS RD | E13: =Sheet1!E24 -> SGT LEA MILLS BLVD | F13: =Sheet1!F24 -> 4D | G13: =Sheet1!H24 -> 4D | H13: =Sheet1!Z24 -> C | M13: =Sheet1!AI24 -> 3420 | R13: =Sheet1!P24 -> 17233 | X13: =Sheet1!AS24 -> 1551 | Y13: =Sheet1!AT24 -> 0.454
B14: =Sheet1!A25 -> 10070.2 | C14: =Sheet1!C25 -> BROAD ST (US41/SR45) | D14: =Sheet1!D25 -> SGT LEA MILLS BLVD | E14: =Sheet1!E25 -> SPRING HILL DR | F14: =Sheet1!F25 -> 4D | G14: =Sheet1!H25 -> 6D | H14: =Sheet1!Z25 -> C | M14: =Sheet1!AI25 -> 3420 | R14: =Sheet1!P25 -> 17233 | X14: =Sheet1!AS25 -> 1551 | Y14: =Sheet1!AT25 -> 0.454
B15: =Sheet1!A26 -> 10080 | C15: =Sheet1!C26 -> BROAD ST (US41/SR45) | D15: =Sheet1!D26 -> SPRING HILL DR | E15: =Sheet1!E26 -> POWELL RD | F15: =Sheet1!F26 -> 4D | G15: =Sheet1!H26 -> 6D | H15: =Sheet1!Z26 -> C | M15: =Sheet1!AI26 -> 3420 | R15: =Sheet1!P26 -> 25487 | X15: =Sheet1!AS26 -> 2294 | Y15: =Sheet1!AT26 -> 0.671
B16: =Sheet1!A27 -> 10090 | C16: =Sheet1!C27 -> BROAD ST (US41/SR45) | D16: =Sheet1!D27 -> POWELL RD | E16: =Sheet1!E27 -> PINE CABIN RD | F16: =Sheet1!F27 -> 6D | G16: =Sheet1!H27 -> 6D | H16: =Sheet1!Z27 -> C | M16: =Sheet1!AI27 -> 5250 | R16: =Sheet1!P27 -> 27904 | X16: =Sheet1!AS27 -> 2511 | Y16: =Sheet1!AT27 -> 0.478
B17: =Sheet1!A28 -> 10100 | C17: =Sheet1!C28 -> BROAD ST (US41/SR45) | D17: =Sheet1!D28 -> PINE CABIN RD | E17: =Sheet1!E28 -> HENNES COVE | F17: =Sheet1!F28 -> 6D | G17: =Sheet1!H28 -> 6D | H17: =Sheet1!Z28 -> C | M17: =Sheet1!AI28 -> 5250 | R17: =Sheet1!P28 -> 27904 | X17: =Sheet1!AS28 -> 2511 | Y17: =Sheet1!AT28 -> 0.478
B18: =Sheet1!A29 -> 10110.1 | C18: =Sheet1!C29 -> BROAD ST (US41/SR45) | D18: =Sheet1!D29 -> HENNES COVE | E18: =Sheet1!E29 -> JOHN MARTIN LN | F18: =Sheet1!F29 -> 6D | G18: =Sheet1!H29 -> 6D | H18: =Sheet1!Z29 -> C | M18: =Sheet1!AI29 -> 5250 | R18: =Sheet1!P29 -> 27904 | X18: =Sheet1!AS29 -> 2511 | Y18: =Sheet1!AT29 -> 0.478
B19: =Sheet1!A30 -> 10110.2 | C19: =Sheet1!C30 -> BROAD ST (US41/SR45) | D19: =Sheet1!D30 -> JOHN MARTIN LN | E19: =Sheet1!E30 -> VFW RD | F19: =Sheet1!F30 -> 6D | G19: =Sheet1!H30 -> 6D | H19: =Sheet1!Z30 -> C | M19: =Sheet1!AI30 -> 5250 | R19: =Sheet1!P30 -> 27904 | X19: =Sheet1!AS30 -> 2511 | Y19: =Sheet1!AT30 -> 0.478
B20: =Sheet1!A31 -> 10115 | C20: =Sheet1!C31 -> BROAD ST (US41/SR45) | D20: =Sheet1!D31 -> VFW RD | E20: =Sheet1!E31 -> WISCON RD | F20: =Sheet1!F31 -> 6D | G20: =Sheet1!H31 -> 6D | H20: =Sheet1!Z31 -> C | M20: =Sheet1!AI31 -> 5250 | R20: =Sheet1!P31 -> 27904 | X20: =Sheet1!AS31 -> 2511 | Y20: =Sheet1!AT31 -> 0.478
... B369: =Sheet1!A380 -> 4410.2 | C369: =Sheet1!C380 -> OSOWAW BLVD (CR595) | D369: =Sheet1!D380 -> 1600 FT N OF ALOHA LN | E369: =Sheet1!E380 -> SHOAL LINE BLVD | F369: =Sheet1!F380 -> 2U | G369: =Sheet1!H380 -> 2U | H369: =Sheet1!Z380 -> D | M369: =Sheet1!AI380 -> 1818 | R369: =Sheet1!P380 -> 1931 | X369: =Sheet1!AS380 -> 174 | Y369: =Sheet1!AT380 -> 0.096
