Workbook

Sheet Table001 (Page 1-6)
A1: SEGMENT ID | B1: ROAD NAME | C1: FROM | D1: TO | E1: LANES (2023) | F1: FUNCTIONAL CLASSIFICATION | G1: FLOW | H1: FDOT CLASS | I1: DAILY SERVICE VOLUME (2023) | J1: PEAK HOUR DIRECTIONAL SERVICE VOLUME (2023) | K1: LANES (2028) | L1: DAILY SERVICE VOLUME (2028) | M1: PEAK HOUR DIRECTIONAL SERVICE VOLUME (2028) | N1: URBAN / RURAL | O1: DIVIDED / UNDIVIDED | P1: MAINTAINING AGENCY | Q1: NHS | R1: ADOPTED LOS STANDARD | S1: 2023 AADT | T1: 2023 DAILY V/MSV | U1: 2023 DAILY LOS | V1: GROWTH RATE | W1: 2028 AADT | X1: 2028 DAILY V/MSV | Y1: 2028 DAILY LOS
A2: 1010 | B2: SE 92 PLACE LOOP | C2: SR 35 | D2: US 441 | E2: 4 | F2: ARTERIAL | G2: UNINTERRUPTED | I2: 67770 | J2: 3357 | K2: 4 | L2: 67770 | M2: 3357 | N2: Urban | O2: D | P2: COUNTY | Q2: Other CMP Network Roadway | R2: E | S2: 12,400 | T2: 0.18 | U2: B | V2: 0.01 | W2: 13,100 | X2: 0.19 | Y2: B
A3: 1020 | B3: CR 21 | C3: CR 315 | D3: COUNTY LINE | E3: 2 | F3: COLLECTOR | G3: UNINTERRUPTED | I3: 19170 | J3: 999 | K3: 2 | L3: 19170 | M3: 999 | N3: Rural | O3: U | P3: COUNTY | Q3: Other CMP Network Roadway | R3: D | S3: Not Counted | T3: N/A | U3: N/A | V3: 0.01 | W3: Not Counted | X3: N/A | Y3: N/A
A4: 1030.1 | B4: CR 225 | C4: US 27 | D4: CR 326 | E4: 2 | F4: COLLECTOR | G4: UNINTERRUPTED | I4: 9270 | J4: 486 | K4: 2 | L4: 9270 | M4: 486 | N4: Rural | O4: U | P4: COUNTY | Q4: Other CMP Network Roadway | R4: B | S4: 1,500 | T4: 0.16 | U4: B | V4: 0.0527 | W4: 1,900 | X4: 0.20 | Y4: B
A5: 1030.4 | B5: CR 225 | C5: CR 326 | D5: CR 316 | E5: 2 | F5: COLLECTOR | G5: UNINTERRUPTED | I5: 9270 | J5: 486 | K5: 2 | L5: 9270 | M5: 486 | N5: Rural | O5: U | P5: COUNTY | Q5: Other CMP Network Roadway | R5: B | S5: 1,500 | T5: 0.16 | U5: B | V5: 0.0527 | W5: 1,900 | X5: 0.20 | Y5: B
A6: 1040.1 | B6: CR 225 | C6: CR 316 | D6: CR 318 | E6: 2 | F6: COLLECTOR | G6: UNINTERRUPTED | I6: 9270 | J6: 486 | K6: 2 | L6: 9270 | M6: 486 | N6: Rural | O6: U | P6: COUNTY | Q6: Other CMP Network Roadway | R6: B | S6: 1,500 | T6: 0.16 | U6: B | V6: 0.0527 | W6: 1,900 | X6: 0.20 | Y6: B
A7: 1050 | B7: CR 225A | C7: US 27 | D7: CR 326 | E7: 2 | F7: COLLECTOR | G7: INTERRUPTED | I7: 10224 | J7: 533 | K7: 2 | L7: 10224 | M7: 533 | N7: Rural | O7: U | P7: COUNTY | Q7: Other CMP Network Roadway | R7: D | S7: 7,100 | T7: 0.69 | U7: C | V7: 0.01 | W7: 7,400 | X7: 0.72 | Y7: C
A8: 1060 | B8: CR 225A | C8: CR 326 | D8: CR 329 | E8: 2 | F8: COLLECTOR | G8: UNINTERRUPTED | I8: 9270 | J8: 486 | K8: 2 | L8: 9270 | M8: 486 | N8: Rural | O8: U | P8: COUNTY | Q8: Other CMP Network Roadway | R8: B | S8: 3,100 | T8: 0.33 | U8: B | V8: 0.01 | W8: 3,300 | X8: 0.36 | Y8: B
A9: 1070 | B9: CR 25 | C9: COUNTY LINE | D9: CR 42 | E9: 2 | F9: COLLECTOR | G9: INTERRUPTED | H9: 1 | I9: 12744 | J9: 634 | K9: 2 | L9: 12744 | M9: 634 | N9: Urban | O9: U | P9: COUNTY | Q9: Other CMP Network Roadway | R9: E | S9: 11,300 | T9: 0.89 | U9: C | V9: 0.0111 | W9: 12,000 | X9: 0.94 | Y9: C
A10: 1080.1 | B10: CR 25 | C10: CR 42 | D10: SE 128 PL RD | E10: 2 | F10: COLLECTOR | G10: UNINTERRUPTED | I10: 29340 | J10: 1449 | K10: 2 | L10: 29340 | M10: 1449 | N10: Urban | O10: U | P10: COUNTY | Q10: Other CMP Network Roadway | R10: E | S10: 7,800 | T10: 0.27 | U10: B | V10: 0.01 | W10: 8,200 | X10: 0.28 | Y10: B
A11: 1080.3 | B11: CR 25 | C11: SE 128 PL RD | D11: SE 135 AV | E11: 2 | F11: COLLECTOR | G11: UNINTERRUPTED | I11: 29340 | J11: 1449 | K11: 2 | L11: 29340 | M11: 1449 | N11: Urban | O11: U | P11: COUNTY | Q11: Other CMP Network Roadway | R11: E | S11: 7,800 | T11: 0.27 | U11: B | V11: 0.01 | W11: 8,200 | X11: 0.28 | Y11: B
A12: 1090.1 | B12: CR 25 | C12: SE 135 AV | D12: CR 464 | E12: 2 | F12: COLLECTOR | G12: UNINTERRUPTED | I12: 29340 | J12: 1449 | K12: 2 | L12: 29340 | M12: 1449 | N12: Urban | O12: U | P12: COUNTY | Q12: Other CMP Network Roadway | R12: E | S12: 7,800 | T12: 0.27 | U12: B | V12: 0.01 | W12: 8,200 | X12: 0.28 | Y12: B
A13: 1100.1 | B13: CR 25 | C13: CR 464 | D13: SE 108 TER RD | E13: 2 | F13: COLLECTOR | G13: UNINTERRUPTED | I13: 29340 | J13: 1449 | K13: 2 | L13: 29340 | M13: 1449 | N13: Urban | O13: U | P13: COUNTY | Q13: Other CMP Network Roadway | R13: E | S13: 6,100 | T13: 0.21 | U13: B | V13: 0.01 | W13: 6,400 | X13: 0.22 | Y13: B
A14: 1100.4 | B14: CR 25 | C14: SE 108 TER RD | D14: SE 92 PL LOOP | E14: 2 | F14: COLLECTOR | G14: UNINTERRUPTED | I14: 29340 | J14: 1449 | K14: 2 | L14: 29340 | M14: 1449 | N14: Urban | O14: U | P14: COUNTY | Q14: Other CMP Network Roadway | R14: E | S14: 7,000 | T14: 0.24 | U14: B | V14: 0.0627 | W14: 9,500 | X14: 0.32 | Y14: B
A15: 1110.4 | B15: CR 25 | C15: SE 92 PL LOOP | D15: SE 110 ST | E15: 2 | F15: COLLECTOR | G15: UNINTERRUPTED | I15: 29340 | J15: 1449 | K15: 2 | L15: 29340 | M15: 1449 | N15: Urban | O15: U | P15: COUNTY | Q15: Other CMP Network Roadway | R15: E | S15: 9,900 | T15: 0.34 | U15: B | V15: 0.01 | W15: 10,400 | X15: 0.35 | Y15: B
A16: 1120 | B16: US 441 | C16: NE 28 ST | D16: CR 25A (S) | E16: 4 | F16: ARTERIAL | G16: INTERRUPTED | I16: 40352 | J16: 1996 | K16: 4 | L16: 40352 | M16: 1996 | N16: Urban | O16: D | P16: STATE | Q16: NHS - Non-Interstate Roadway | R16: D | S16: 18,300 | T16: 0.45 | U16: C | V16: 0.01 | W16: 19,200 | X16: 0.48 | Y16: C
A17: 1130 | B17: CR 25A | C17: US 441 (S) | D17: SR 326 | E17: 2 | F17: COLLECTOR | G17: INTERRUPTED | H17: 1 | I17: 12744 | J17: 634 | K17: 2 | L17: 12744 | M17: 634 | N17: Urban | O17: U | P17: COUNTY | Q17: Other CMP Network Roadway | R17: E | S17: 5,400 | T17: 0.42 | U17: C | V17: 0.0158 | W17: 5,800 | X17: 0.46 | Y17: C
A18: 1150.1 | B18: CR 25A | C18: SR 326 | D18: URBAN AREA BOUNDARY | E18: 2 | F18: COLLECTOR | G18: UNINTERRUPTED | I18: 29340 | J18: 1449 | K18: 2 | L18: 29340 | M18: 1449 | N18: Urban | O18: U | P18: COUNTY | Q18: Other CMP Network Roadway | R18: E | S18: 8,200 | T18: 0.28 | U18: B | V18: 0.01 | W18: 8,600 | X18: 0.29 | Y18: B
A19: 1150.2 | B19: CR 25A | C19: URBAN AREA BOUNDARY | D19: CR 329 | E19: 2 | F19: COLLECTOR | G19: UNINTERRUPTED | I19: 19170 | J19: 999 | K19: 2 | L19: 19170 | M19: 999 | N19: Rural | O19: U | P19: COUNTY | Q19: Other CMP Network Roadway | R19: D | S19: 8,200 | T19: 0.43 | U19: B | V19: 0.01 | W19: 8,600 | X19: 0.45 | Y19: B
A20: 1160.2 | B20: CR 25A | C20: CR 316 | D20: US 441 | E20: 2 | F20: COLLECTOR | G20: UNINTERRUPTED | I20: 9270 | J20: 486 | K20: 2 | L20: 9270 | M20: 486 | N20: Rural | O20: U | P20: COUNTY | Q20: Other CMP Network Roadway | R20: B | S20: 3,300 | T20: 0.36 | U20: B | V20: 0.0845 | W20: 4,900 | X20: 0.53 | Y20: B
A21: 1160.3 | B21: CR 25A | C21: CR 329 | D21: CR 316 | E21: 2 | F21: COLLECTOR | G21: UNINTERRUPTED | I21: 14130 | J21: 738 | K21: 2 | L21: 14130 | M21: 738 | N21: Rural | O21: U | P21: COUNTY | Q21: Other CMP Network Roadway | R21: C | S21: 3,300 | T21: 0.23 | U21: B | V21: 0.0845 | W21: 4,900 | X21: 0.35 | Y21: B
A22: 1170 | B22: CR 25A | C22: US 441 | D22: CR 25 | E22: 2 | F22: COLLECTOR | G22: UNINTERRUPTED | I22: 29340 | J22: 1449 | K22: 2 | L22: 29340 | M22: 1449 | N22: Urban | O22: U | P22: COUNTY | Q22: Other CMP Network Roadway | R22: E | S22: Not Counted | T22: N/A | U22: N/A | V22: 0.01 | W22: Not Counted | X22: N/A | Y22: N/A
A23: 1180 | B23: CR 314 | C23: NE 7 ST | D23: SE 1 ST | E23: 2 | F23: COLLECTOR | G23: UNINTERRUPTED | I23: 19170 | J23: 999 | K23: 2 | L23: 19170 | M23: 999 | N23: Rural | O23: U | P23: COUNTY | Q23: Other CMP Network Roadway | R23: D | S23: 2,100 | T23: 0.11 | U23: B | V23: 0.01 | W23: 2,200 | X23: 0.11 | Y23: B
A24: 1190.1 | B24: CR 314 | C24: SE 1 ST | D24: SR 40 (E) | E24: 2 | F24: COLLECTOR | G24: UNINTERRUPTED | I24: 19170 | J24: 999 | K24: 2 | L24: 19170 | M24: 999 | N24: Rural | O24: U | P24: COUNTY | Q24: Other CMP Network Roadway | R24: D | S24: 2,000 | T24: 0.1 | U24: B | V24: 0.035 | W24: 2,300 | X24: 0.12 | Y24: B
A25: 1200 | B25: CR 314 | C25: SR 40 (E) | D25: CR 314A | E25: 2 | F25: COLLECTOR | G25: UNINTERRUPTED | I25: 19170 | J25: 999 | K25: 2 | L25: 19170 | M25: 999 | N25: Rural | O25: U | P25: COUNTY | Q25: Other CMP Network Roadway | R25: D | S25: 3,100 | T25: 0.16 | U25: B | V25: 0.01 | W25: 3,300 | X25: 0.17 | Y25: B
A26: 1210.2 | B26: CR 314 | C26: CR 314A | D26: SR 19 | E26: 2 | F26: COLLECTOR | G26: UNINTERRUPTED | I26: 19170 | J26: 999 | K26: 2 | L26: 19170 | M26: 999 | N26: Rural | O26: U | P26: COUNTY | Q26: Other CMP Network Roadway | R26: D | S26: 3,400 | T26: 0.18 | U26: B | V26: 0.01 | W26: 3,600 | X26: 0.19 | Y26: B
A27: 1220 | B27: CR 314A | C27: CR 464C | D27: SE 180 AV | E27: 2 | F27: COLLECTOR | G27: UNINTERRUPTED | I27: 19170 | J27: 999 | K27: 2 | L27: 19170 | M27: 999 | N27: Rural | O27: U | P27: COUNTY | Q27: Other CMP Network Roadway | R27: D | S27: 5,700 | T27: 0.3 | U27: B | V27: 0.1397 | W27: 11,000 | X27: 0.57 | Y27: C
A28: 1230.1 | B28: CR 314A | C28: SE 180 AV | D28: SR 40 | E28: 2 | F28: COLLECTOR | G28: UNINTERRUPTED | I28: 19170 | J28: 999 | K28: 2 | L28: 19170 | M28: 999 | N28: Rural | O28: U | P28: COUNTY | Q28: Other CMP Network Roadway | R28: D | S28: 4,700 | T28: 0.25 | U28: B | V28: 0.01 | W28: 5,000 | X28: 0.26 | Y28: B
A29: 1240 | B29: CR 314A | C29: SR 40 | D29: CR 314 | E29: 2 | F29: COLLECTOR | G29: UNINTERRUPTED | I29: 19170 | J29: 999 | K29: 2 | L29: 19170 | M29: 999 | N29: Rural | O29: U | P29: COUNTY | Q29: Other CMP Network Roadway | R29: D | S29: 1,800 | T29: 0.09 | U29: B | V29: 0.01 | W29: 1,900 | X29: 0.10 | Y29: B
... A63: 1470 | B63: CR 336 | C63: COUNTY LINE | D63: CR 40 | E63: 2 | F63: COLLECTOR | G63: UNINTERRUPTED | I63: 19170 | J63: 999 | K63: 2 | L63: 19170 | M63: 999 | N63: Rural | O63: U | P63: COUNTY | Q63: Other CMP Network Roadway | R63: D | S63: Not Counted | T63: N/A | U63: N/A | V63: 0.01 | W63: Not Counted | X63: N/A | Y63: N/A
A64: 1480 | B64: CR 35 | C64: SR 40 | D64: NE 35 ST | E64: 2 | F64: COLLECTOR | G64: INTERRUPTED | H64: 2 | I64: 11232 | J64: 576 | K64: 2 | L64: 11232 | M64: 576 | N64: Urban | O64: U | P64: COUNTY | Q64: Other CMP Network Roadway | R64: E | S64: 9,600 | T64: 0.85 | U64: D | V64: 0.0252 | W64: 10,900 | X64: 0.97 | Y64: E
A65: 1490 | B65: CR 35 | C65: NE 35 ST | D65: NE 58 AV | E65: 2 | F65: COLLECTOR | G65: INTERRUPTED | H65: 1 | I65: 12744 | J65: 634 | K65: 2 | L65: 12744 | M65: 634 | N65: Urban | O65: U | P65: COUNTY | Q65: Other CMP Network Roadway | R65: E | S65: 6,000 | T65: 0.47 | U65: C | V65: 0.0261 | W65: 6,800 | X65: 0.53 | Y65: C
A66: 1500 | B66: CR 35 | C66: NE 58 AV | D66: SR 326 | E66: 2 | F66: COLLECTOR | G66: UNINTERRUPTED | I66: 29340 | J66: 1449 | K66: 2 | L66: 29340 | M66: 1449 | N66: Urban | O66: U | P66: COUNTY | Q66: Other CMP Network Roadway | R66: E | S66: 6,000 | T66: 0.2 | U66: B | V66: 0.0301 | W66: 6,900 | X66: 0.24 | Y66: B
A67: 1510 | B67: CR 35 | C67: SR 326 | D67: NE 97TH ST RD | E67: 2 | F67: COLLECTOR | G67: UNINTERRUPTED | I67: 25650 | J67: 1341 | K67: 2 | L67: 25650 | M67: 1341 | N67: Rural | O67: U | P67: COUNTY | Q67: Other CMP Network Roadway | R67: E | S67: 3,100 | T67: 0.12 | U67: B | V67: 0.0371 | W67: 3,700 | X67: 0.14 | Y67: B
A68: 1520.2 | B68: CR 40 | C68: COUNTY LINE (W) | D68: CR 336 | E68: 2 | F68: COLLECTOR | G68: UNINTERRUPTED | I68: 19170 | J68: 999 | K68: 2 | L68: 19170 | M68: 999 | N68: Rural | O68: U | P68: COUNTY | Q68: Other CMP Network Roadway | R68: D | S68: 3,700 | T68: 0.19 | U68: B | V68: 0.091 | W68: 5,700 | X68: 0.30 | Y68: B
A69: 1530 | B69: CR 40 | C69: CR 336 | D69: URBAN AREA BOUNDRY | E69: 2 | F69: COLLECTOR | G69: UNINTERRUPTED | I69: 19170 | J69: 999 | K69: 2 | L69: 19170 | M69: 999 | N69: Rural | O69: U | P69: COUNTY | Q69: Other CMP Network Roadway | R69: D | S69: 3,400 | T69: 0.18 | U69: B | V69: 0.01 | W69: 3,600 | X69: 0.19 | Y69: B
A70: 1540.1 | B70: CR 40 | C70: URBAN AREA BOUNDRY | D70: SW ROLLING HILLS RD | E70: 2 | F70: COLLECTOR | G70: UNINTERRUPTED | I70: 29340 | J70: 1449 | K70: 2 | L70: 29340 | M70: 1449 | N70: Urban | O70: U | P70: COUNTY | Q70: Other CMP Network Roadway | R70: E | S70: 3,700 | T70: 0.13 | U70: B | V70: 0.01 | W70: 3,900 | X70: 0.13 | Y70: B
A71: 1550.1 | B71: CR 42 | C71: CR 475 | D71: US 301 | E71: 2 | F71: COLLECTOR | G71: UNINTERRUPTED | I71: 19170 | J71: 999 | K71: 2 | L71: 19170 | M71: 999 | N71: Rural | O71: U | P71: COUNTY | Q71: Other CMP Network Roadway | R71: D | S71: 5,300 | T71: 0.28 | U71: B | V71: 0.01 | W71: 5,500 | X71: 0.29 | Y71: B
A72: 1560 | B72: CR 42 | C72: US 301 | D72: SE 77 AV | E72: 4 | F72: ARTERIAL | G72: INTERRUPTED | H72: 1 | I72: 35820 | J72: 1800 | K72: 4 | L72: 35820 | M72: 1800 | N72: Urban | O72: D | P72: COUNTY | Q72: Other CMP Network Roadway | R72: E | S72: 18,300 | T72: 0.51 | U72: C | V72: 0.0505 | W72: 23,400 | X72: 0.65 | Y72: C
A73: 1570 | B73: CR 42 | C73: SE 77 AV | D73: US 441 | E73: 4 | F73: ARTERIAL | G73: INTERRUPTED | H73: 1 | I73: 35820 | J73: 1800 | K73: 4 | L73: 35820 | M73: 1800 | N73: Urban | O73: D | P73: COUNTY | Q73: Other CMP Network Roadway | R73: E | S73: 18,300 | T73: 0.51 | U73: C | V73: 0.0505 | W73: 23,400 | X73: 0.65 | Y73: C
A74: 1610.1 | B74: CR 42 | C74: US 441 | D74: SE 130 AVE | E74: 2 | F74: COLLECTOR | G74: UNINTERRUPTED | I74: 29340 | J74: 1449 | K74: 2 | L74: 29340 | M74: 1449 | N74: Urban | O74: U | P74: COUNTY | Q74: Other CMP Network Roadway | R74: E | S74: 14,100 | T74: 0.48 | U74: C | V74: 0.0658 | W74: 19,300 | X74: 0.66 | Y74: D
A75: 1610.2 | B75: CR 42 | C75: SE 130 AVE | D75: CR 25 | E75: 2 | F75: COLLECTOR | G75: UNINTERRUPTED | I75: 29340 | J75: 1449 | K75: 2 | L75: 29340 | M75: 1449 | N75: Urban | O75: U | P75: COUNTY | Q75: Other CMP Network Roadway | R75: E | S75: 10,800 | T75: 0.37 | U75: C | V75: 0.0179 | W75: 11,800 | X75: 0.40 | Y75: C
A76: 1620.1 | B76: CR 42 | C76: CR 25 | D76: URBAN AREA BOUNDARY | E76: 2 | F76: COLLECTOR | G76: UNINTERRUPTED | I76: 29340 | J76: 1449 | K76: 2 | L76: 29340 | M76: 1449 | N76: Urban | O76: U | P76: COUNTY | Q76: Other CMP Network Roadway | R76: E | S76: 11,000 | T76: 0.37 | U76: C | V76: 0.0379 | W76: 13,300 | X76: 0.45 | Y76: C
A77: 1620.3 | B77: CR 42 | C77: URBAN AREA BOUNDARY | D77: CR 450 | E77: 2 | F77: COLLECTOR | G77: UNINTERRUPTED | I77: 19170 | J77: 999 | K77: 2 | L77: 19170 | M77: 999 | N77: Rural | O77: U | P77: COUNTY | Q77: Other CMP Network Roadway | R77: D | S77: 11,500 | T77: 0.6 | U77: C | V77: 0.0865 | W77: 17,400 | X77: 0.91 | Y77: D
A78: 1630 | B78: CR 42 | C78: CR 450 | D78: COUNTY LINE | E78: 2 | F78: COLLECTOR | G78: UNINTERRUPTED | I78: 19170 | J78: 999 | K78: 2 | L78: 19170 | M78: 999 | N78: Rural | O78: U | P78: COUNTY | Q78: Other CMP Network Roadway | R78: D | S78: 5,100 | T78: 0.27 | U78: B | V78: 0.0592 | W78: 6,800 | X78: 0.35 | Y78: B
A79: 1640 | B79: CR 450 | C79: COUNTY LINE | D79: CR 42 | E79: 2 | F79: COLLECTOR | G79: UNINTERRUPTED | I79: 19170 | J79: 999 | K79: 2 | L79: 19170 | M79: 999 | N79: Rural | O79: U | P79: COUNTY | Q79: Other CMP Network Roadway | R79: D | S79: 1,500 | T79: 0.08 | U79: B | V79: 0.01 | W79: 1,500 | X79: 0.08 | Y79: B
A80: 1650 | B80: CR 452 | C80: COUNTY LINE | D80: CR 42 | E80: 2 | F80: COLLECTOR | G80: UNINTERRUPTED | I80: 19170 | J80: 999 | K80: 2 | L80: 19170 | M80: 999 | N80: Rural | O80: U | P80: COUNTY | Q80: Other CMP Network Roadway | R80: D | S80: 6,300 | T80: 0.33 | U80: B | V80: 0.01 | W80: 6,600 | X80: 0.34 | Y80: B
A81: 1660 | B81: SR 464 | C81: SE 25 AV | D81: SE 44 AV | E81: 4 | F81: ARTERIAL | G81: INTERRUPTED | I81: 38430 | J81: 1901 | K81: 4 | L81: 38430 | M81: 1901 | N81: Urban | O81: D | P81: STATE | Q81: Other CMP Network Roadway | R81: D | S81: 34,800 | T81: 0.91 | U81: D | V81: 0.01 | W81: 36,600 | X81: 0.95 | Y81: D
A82: 1690 | B82: SR 464 | C82: SE 44 AV | D82: SR 35 | E82: 4 | F82: ARTERIAL | G82: INTERRUPTED | I82: 38430 | J82: 1901 | K82: 4 | L82: 38430 | M82: 1901 | N82: Urban | O82: D | P82: STATE | Q82: Other CMP Network Roadway | R82: D | S82: 33,200 | T82: 0.86 | U82: D | V82: 0.0125 | W82: 35,300 | X82: 0.92 | Y82: D
A83: 1710 | B83: CR 464 | C83: SR 35 | D83: EMERALD RD (N) | E83: 4 | F83: ARTERIAL | G83: INTERRUPTED | H83: 1 | I83: 35820 | J83: 1800 | K83: 4 | L83: 35820 | M83: 1800 | N83: Urban | O83: D | P83: COUNTY | Q83: Other CMP Network Roadway | R83: E | S83: 34,300 | T83: 0.96 | U83: D | V83: 0.01 | W83: 36,100 | X83: 1.01 | Y83: F
A84: 1770 | B84: CR 464 | C84: EMERALD RD (N) | D84: OAK RD | E84: 4 | F84: ARTERIAL | G84: INTERRUPTED | H84: 1 | I84: 35820 | J84: 1800 | K84: 4 | L84: 35820 | M84: 1800 | N84: Urban | O84: D | P84: COUNTY | Q84: Other CMP Network Roadway | R84: E | S84: 15,600 | T84: 0.44 | U84: C | V84: 0.0209 | W84: 17,300 | X84: 0.48 | Y84: C
A85: 1780 | B85: CR 464 | C85: OAK RD | D85: EMERALD RD (S) | E85: 4 | F85: ARTERIAL | G85: INTERRUPTED | H85: 1 | I85: 35820 | J85: 1800 | K85: 4 | L85: 35820 | M85: 1800 | N85: Urban | O85: D | P85: COUNTY | Q85: Other CMP Network Roadway | R85: E | S85: 9,800 | T85: 0.27 | U85: C | V85: 0.0812 | W85: 14,500 | X85: 0.40 | Y85: C
A86: 1790 | B86: CR 464 | C86: EMERALD RD (S) | D86: SE 110 ST | E86: 4 | F86: ARTERIAL | G86: INTERRUPTED | H86: 1 | I86: 35820 | J86: 1800 | K86: 4 | L86: 35820 | M86: 1800 | N86: Urban | O86: D | P86: COUNTY | Q86: Other CMP Network Roadway | R86: E | S86: 9,300 | T86: 0.26 | U86: C | V86: 0.0186 | W86: 10,200 | X86: 0.28 | Y86: C
A87: 1800.2 | B87: CR 464 | C87: SE 110 ST | D87: CR 25 | E87: 2 | F87: ARTERIAL | G87: INTERRUPTED | H87: 2 | I87: 11232 | J87: 576 | K87: 2 | L87: 11232 | M87: 576 | N87: Urban | O87: U | P87: COUNTY | Q87: Other CMP Network Roadway | R87: E | S87: 2,700 | T87: 0.24 | U87: C | V87: 0.01 | W87: 2,900 | X87: 0.26 | Y87: C
A88: 1810 | B88: CR 464A | C88: US 441 | D88: SE 31 ST | E88: 2 | F88: COLLECTOR | G88: INTERRUPTED | H88: 1 | I88: 15930 | J88: 792 | K88: 2 | L88: 15930 | M88: 792 | N88: Urban | O88: U | P88: COUNTY | Q88: Other CMP Network Roadway | R88: E | S88: 6,300 | T88: 0.4 | U88: C | V88: 0.01 | W88: 6,600 | X88: 0.41 | Y88: C
A89: 1830 | B89: CR 464A | C89: SE 31 ST | D89: SR 464 | E89: 2 | F89: COLLECTOR | G89: INTERRUPTED | H89: 2 | I89: 14742 | J89: 756 | K89: 2 | L89: 14742 | M89: 756 | N89: Urban | O89: D | P89: COUNTY | Q89: Other CMP Network Roadway | R89: E | S89: 10,600 | T89: 0.72 | U89: D | V89: 0.01 | W89: 11,100 | X89: 0.75 | Y89: D
A90: 1840 | B90: CR 464B | C90: COUNTY LINE | D90: US 27 | E90: 2 | F90: COLLECTOR | G90: UNINTERRUPTED | I90: 9270 | J90: 486 | K90: 2 | L90: 9270 | M90: 486 | N90: Rural | O90: U | P90: COUNTY | Q90: Other CMP Network Roadway | R90: B | S90: 3,300 | T90: 0.36 | U90: B | V90: 0.01 | W90: 3,500 | X90: 0.38 | Y90: B
A91: 1850 | B91: SE 114TH ST RD | C91: CR 464 | D91: SE 135 AV | E91: 2 | F91: COLLECTOR | G91: UNINTERRUPTED | I91: 29340 | J91: 1449 | K91: 2 | L91: 29340 | M91: 1449 | N91: Urban | O91: U | P91: COUNTY | Q91: Other CMP Network Roadway | R91: E | S91: 5,500 | T91: 0.19 | U91: B | V91: 0.0934 | W91: 8,500 | X91: 0.29 | Y91: B
A92: 1860.1 | B92: CR 464C | C92: SE 114TH ST RD | D92: URBAN AREA BOUNDARY | E92: 2 | F92: COLLECTOR | G92: UNINTERRUPTED | I92: 29340 | J92: 1449 | K92: 2 | L92: 29340 | M92: 1449 | N92: Urban | O92: U | P92: COUNTY | Q92: Other CMP Network Roadway | R92: E | S92: 5,400 | T92: 0.18 | U92: B | V92: 0.034 | W92: 6,400 | X92: 0.22 | Y92: B
A93: 1860.4 | B93: CR 464C | C93: URBAN AREA BOUNDARY | D93: CR 314A | E93: 2 | F93: COLLECTOR | G93: UNINTERRUPTED | I93: 19170 | J93: 999 | K93: 2 | L93: 19170 | M93: 999 | N93: Rural | O93: U | P93: COUNTY | Q93: Other CMP Network Roadway | R93: D | S93: 5,400 | T93: 0.28 | U93: B | V93: 0.034 | W93: 6,400 | X93: 0.33 | Y93: B
A94: 1870.1 | B94: CR 475 | C94: COUNTY LINE | D94: CR 475A | E94: 2 | F94: COLLECTOR | G94: UNINTERRUPTED | I94: 14130 | J94: 738 | K94: 2 | L94: 14130 | M94: 738 | N94: Rural | O94: U | P94: COUNTY | Q94: Other CMP Network Roadway | R94: C | S94: 9,300 | T94: 0.66 | U94: C | V94: 0.0371 | W94: 11,200 | X94: 0.79 | Y94: C
A95: 1870.3 | B95: CR 475 | C95: CR 475A | D95: URBAN AREA BOUNDARY | E95: 2 | F95: COLLECTOR | G95: UNINTERRUPTED | I95: 14130 | J95: 738 | K95: 2 | L95: 14130 | M95: 738 | N95: Rural | O95: U | P95: COUNTY | Q95: Other CMP Network Roadway | R95: C | S95: 6,100 | T95: 0.43 | U95: B | V95: 0.0296 | W95: 7,000 | X95: 0.50 | Y95: B
A96: 1870.4 | B96: CR 475 | C96: URBAN AREA BOUNDARY | D96: CR 484 | E96: 2 | F96: COLLECTOR | G96: UNINTERRUPTED | I96: 16200 | J96: 801 | K96: 2 | L96: 16200 | M96: 801 | N96: Urban | O96: U | P96: COUNTY | Q96: Other CMP Network Roadway | R96: C | S96: 6,100 | T96: 0.38 | U96: B | V96: 0.0296 | W96: 7,000 | X96: 0.43 | Y96: B
A97: 1880.1 | B97: CR 475 | C97: CR 484 | D97: URBAN AREA BOUNDARY | E97: 2 | F97: ARTERIAL | G97: UNINTERRUPTED | I97: 16200 | J97: 801 | K97: 2 | L97: 16200 | M97: 801 | N97: Urban | O97: U | P97: COUNTY | Q97: Other CMP Network Roadway | R97: C | S97: 6,200 | T97: 0.38 | U97: B | V97: 0.0413 | W97: 7,600 | X97: 0.47 | Y97: B
A98: 1880.2 | B98: CR 475 | C98: URBAN AREA BOUNDARY | D98: SE 90 ST | E98: 2 | F98: ARTERIAL | G98: UNINTERRUPTED | I98: 14130 | J98: 738 | K98: 2 | L98: 14130 | M98: 738 | N98: Rural | O98: U | P98: COUNTY | Q98: Other CMP Network Roadway | R98: C | S98: 6,200 | T98: 0.44 | U98: B | V98: 0.0413 | W98: 7,600 | X98: 0.54 | Y98: B
A99: 1890.1 | B99: CR 475 | C99: SE 90 ST | D99: URBAN AREA BOUNDARY | E99: 2 | F99: ARTERIAL | G99: UNINTERRUPTED | I99: 14130 | J99: 738 | K99: 2 | L99: 14130 | M99: 738 | N99: Rural | O99: U | P99: COUNTY | Q99: Other CMP Network Roadway | R99: C | S99: 8,800 | T99: 0.62 | U99: B | V99: 0.0526 | W99: 11,400 | X99: 0.81 | Y99: C
A100: 1890.2 | B100: CR 475 | C100: URBAN AREA BOUNDARY | D100: SE 80 ST | E100: 2 | F100: ARTERIAL | G100: UNINTERRUPTED | I100: 16200 | J100: 801 | K100: 2 | L100: 16200 | M100: 801 | N100: Urban | O100: U | P100: COUNTY | Q100: Other CMP Network Roadway | R100: C | S100: 8,800 | T100: 0.54 | U100: B | V100: 0.0526 | W100: 11,400 | X100: 0.70 | Y100: C
A101: 1900 | B101: CR 475 | C101: SE 80 ST | D101: SE 52 ST | E101: 2 | F101: ARTERIAL | G101: INTERRUPTED | H101: 1 | I101: 12096 | J101: 598 | K101: 2 | L101: 12096 | M101: 598 | N101: Urban | O101: U | P101: COUNTY | Q101: Other CMP Network Roadway | R101: C | S101: 8,200 | T101: 0.68 | U101: C | V101: 0.0335 | W101: 9,600 | X101: 0.79 | Y101: C
A102: 1910.1 | B102: CR 475 | C102: SE 52 ST | D102: SE 35 ST | E102: 2 | F102: ARTERIAL | G102: INTERRUPTED | H102: 1 | I102: 12096 | J102: 598 | K102: 2 | L102: 12096 | M102: 598 | N102: Urban | O102: U | P102: COUNTY | Q102: Other CMP Network Roadway | R102: C | S102: 9,600 | T102: 0.79 | U102: C | V102: 0.039 | W102: 11,600 | X102: 0.96 | Y102: C
A103: 1910.3 | B103: CR 475 | C103: SE 35 ST | D103: SE 31 ST | E103: 2 | F103: ARTERIAL | G103: UNINTERRUPTED | I103: 16200 | J103: 801 | K103: 2 | L103: 16200 | M103: 801 | N103: Urban | O103: U | P103: COUNTY | Q103: Other CMP Network Roadway | R103: C | S103: 9,600 | T103: 0.59 | U103: B | V103: 0.039 | W103: 11,600 | X103: 0.72 | Y103: C
A104: 1910.5 | B104: CR 475 | C104: SE 31 ST | D104: N OF SW 29TH ST RD | E104: 2 | F104: ARTERIAL | G104: UNINTERRUPTED | I104: 29340 | J104: 1449 | K104: 2 | L104: 29340 | M104: 1449 | N104: Urban | O104: U | P104: COUNTY | Q104: Other CMP Network Roadway | R104: E | S104: Not Counted | T104: N/A | U104: N/A | V104: 0.01 | W104: Not Counted | X104: N/A | Y104: N/A
A105: 1910.6 | B105: CR 475 | C105: N OF SW 29TH ST RD | D105: US 441 | E105: 2 | F105: ARTERIAL | G105: INTERRUPTED | H105: 2 | I105: 11232 | J105: 576 | K105: 2 | L105: 11232 | M105: 576 | N105: Urban | O105: U | P105: COUNTY | Q105: Other CMP Network Roadway | R105: E | S105: Not Counted | T105: N/A | U105: N/A | V105: 0.01 | W105: Not Counted | X105: N/A | Y105: N/A
A106: 1920 | B106: SE 23 PL | C106: US 441 | D106: SE 3 AV | E106: 2 | F106: LOCAL | G106: INTERRUPTED | H106: 2 | I106: 11794 | J106: 605 | K106: 2 | L106: 11794 | M106: 605 | N106: Urban | O106: U | P106: COUNTY | Q106: Other CMP Network Roadway | R106: E | S106: Not Counted | T106: N/A | U106: N/A | V106: 0.01 | W106: Not Counted | X106: N/A | Y106: N/A
A107: 1930.1 | B107: CR 475A | C107: CR 475B | D107: CR 484 | E107: 2 | F107: ARTERIAL | G107: INTERRUPTED | H107: 1 | I107: 12744 | J107: 634 | K107: 2 | L107: 12744 | M107: 634 | N107: Urban | O107: U | P107: COUNTY | Q107: Other CMP Network Roadway | R107: E | S107: 7,300 | T107: 0.57 | U107: C | V107: 0.0275 | W107: 8,400 | X107: 0.66 | Y107: C
A108: 1940.1 | B108: CR 475A | C108: CR 484 | D108: URBAN AREA BOUNDARY | E108: 2 | F108: ARTERIAL | G108: UNINTERRUPTED | I108: 29340 | J108: 1449 | K108: 2 | L108: 29340 | M108: 1449 | N108: Urban | O108: U | P108: COUNTY | Q108: Other CMP Network Roadway | R108: E | S108: 5,800 | T108: 0.2 | U108: B | V108: 0.01 | W108: 6,100 | X108: 0.21 | Y108: B
A109: 1940.2 | B109: CR 475A | C109: URBAN AREA BOUNDARY | D109: CR 475 | E109: 2 | F109: COLLECTOR | G109: UNINTERRUPTED | I109: 14130 | J109: 738 | K109: 2 | L109: 14130 | M109: 738 | N109: Rural | O109: U | P109: COUNTY | Q109: Other CMP Network Roadway | R109: C | S109: 5,800 | T109: 0.41 | U109: B | V109: 0.01 | W109: 6,100 | X109: 0.43 | Y109: B
A110: 1950 | B110: CR 475A | C110: CR 475 | D110: SE 25 AV | E110: 2 | F110: COLLECTOR | G110: INTERRUPTED | I110: 9288 | J110: 482 | K110: 2 | L110: 9288 | M110: 482 | N110: Rural | O110: U | P110: COUNTY | Q110: Other CMP Network Roadway | R110: C | S110: 2,000 | T110: 0.22 | U110: C | V110: 0.01 | W110: 2,100 | X110: 0.23 | Y110: C
A111: 1960 | B111: CR 475A | C111: SE 25 AV | D111: SE 36 AV | E111: 2 | F111: COLLECTOR | G111: INTERRUPTED | H111: 1 | I111: 12744 | J111: 634 | K111: 2 | L111: 12744 | M111: 634 | N111: Urban | O111: U | P111: COUNTY | Q111: Other CMP Network Roadway | R111: E | S111: 2,000 | T111: 0.16 | U111: C | V111: 0.01 | W111: 2,100 | X111: 0.16 | Y111: C
A112: 1970 | B112: CR 475A | C112: SE 36 AV | D112: US 301 | E112: 2 | F112: COLLECTOR | G112: INTERRUPTED | H112: 1 | I112: 12744 | J112: 634 | K112: 2 | L112: 12744 | M112: 634 | N112: Urban | O112: U | P112: COUNTY | Q112: Other CMP Network Roadway | R112: E | S112: 2,100 | T112: 0.16 | U112: C | V112: 0.01 | W112: 2,200 | X112: 0.17 | Y112: C
A113: 1980 | B113: CR 475B | C113: CR 475A | D113: CR 475 | E113: 2 | F113: COLLECTOR | G113: UNINTERRUPTED | I113: 14130 | J113: 738 | K113: 2 | L113: 14130 | M113: 738 | N113: Rural | O113: U | P113: COUNTY | Q113: Other CMP Network Roadway | R113: C | S113: 5,300 | T113: 0.38 | U113: B | V113: 0.0758 | W113: 7,600 | X113: 0.54 | Y113: B
A114: 1990.3 | B114: CR 484 | C114: LAKESHORE DR | D114: E OF HENDRIX DR | E114: 2 | F114: ARTERIAL | G114: UNINTERRUPTED | I114: 29340 | J114: 1449 | K114: 2 | L114: 29340 | M114: 1449 | N114: Urban | O114: U | P114: COUNTY | Q114: Other CMP Network Roadway | R114: E | S114: 9,500 | T114: 0.32 | U114: B | V114: 0.011 | W114: 10,000 | X114: 0.34 | Y114: B
A115: 1990.4 | B115: CR 484 | C115: E OF HENDRIX DR | D115: SW 140 AVE | E115: 2 | F115: ARTERIAL | G115: UNINTERRUPTED | I115: 19170 | J115: 999 | K115: 2 | L115: 19170 | M115: 999 | N115: Rural | O115: U | P115: COUNTY | Q115: Other CMP Network Roadway | R115: D | S115: 9,500 | T115: 0.5 | U115: C | V115: 0.011 | W115: 10,000 | X115: 0.52 | Y115: C
A116: 1990.6 | B116: CR 484 | C116: SW 140 AVE | D116: SW 105 AV | E116: 2 | F116: ARTERIAL | G116: UNINTERRUPTED | I116: 29340 | J116: 1449 | K116: 2 | L116: 29340 | M116: 1449 | N116: Urban | O116: U | P116: COUNTY | Q116: Other CMP Network Roadway | R116: E | S116: 12,000 | T116: 0.41 | U116: C | V116: 0.0508 | W116: 15,300 | X116: 0.52 | Y116: C
A117: 2010 | B117: CR 484 | C117: SW 105 AV | D117: SR 200 | E117: 2 | F117: ARTERIAL | G117: UNINTERRUPTED | I117: 29340 | J117: 1449 | K117: 2 | L117: 29340 | M117: 1449 | N117: Urban | O117: U | P117: COUNTY | Q117: Other CMP Network Roadway | R117: E | S117: 12,000 | T117: 0.41 | U117: C | V117: 0.0508 | W117: 15,300 | X117: 0.52 | Y117: C
A118: 2020.1 | B118: CR 484 | C118: SR 200 | D118: SW 45 AV | E118: 2 | F118: ARTERIAL | G118: INTERRUPTED | H118: 1 | I118: 12744 | J118: 634 | K118: 2 | L118: 12744 | M118: 634 | N118: Urban | O118: U | P118: COUNTY | Q118: Other CMP Network Roadway | R118: E | S118: 8,000 | T118: 0.63 | U118: C | V118: 0.01 | W118: 8,400 | X118: 0.66 | Y118: C
A119: 2030 | B119: CR 484 | C119: SW 45 AV | D119: I-75 RAMP (W) | E119: 4 | F119: ARTERIAL | G119: INTERRUPTED | H119: 1 | I119: 35820 | J119: 1800 | K119: 4 | L119: 35820 | M119: 1800 | N119: Urban | O119: D | P119: COUNTY | Q119: Other CMP Network Roadway | R119: E | S119: 33,000 | T119: 0.92 | U119: C | V119: 0.01 | W119: 34,700 | X119: 0.97 | Y119: D
A120: 2060 | B120: CR 484 | C120: I-75 RAMP (W) | D120: I-75 RAMP (E) | E120: 6 | F120: ARTERIAL | G120: INTERRUPTED | H120: 1 | I120: 53910 | J120: 2718 | K120: 6 | L120: 53910 | M120: 2718 | N120: Urban | O120: D | P120: COUNTY | Q120: Other CMP Network Roadway | R120: D | S120: 33,500 | T120: 0.62 | U120: C | V120: 0.01 | W120: 35,200 | X120: 0.65 | Y120: C
A121: 2070 | B121: CR 484 | C121: I-75 RAMP (E) | D121: CR 475A | E121: 4 | F121: ARTERIAL | G121: INTERRUPTED | H121: 1 | I121: 35820 | J121: 1800 | K121: 4 | L121: 35820 | M121: 1800 | N121: Urban | O121: D | P121: COUNTY | Q121: Other CMP Network Roadway | R121: D | S121: 33,500 | T121: 0.94 | U121: C | V121: 0.01 | W121: 35,200 | X121: 0.98 | Y121: D
A122: 2080 | B122: CR 484 | C122: CR 475A | D122: CR 475 | E122: 4 | F122: ARTERIAL | G122: INTERRUPTED | H122: 1 | I122: 35820 | J122: 1800 | K122: 4 | L122: 35820 | M122: 1800 | N122: Urban | O122: D | P122: COUNTY | Q122: Other CMP Network Roadway | R122: D | S122: 19,900 | T122: 0.56 | U122: C | V122: 0.01 | W122: 20,900 | X122: 0.58 | Y122: C
A123: 2090 | B123: CR 484 | C123: CR 475 | D123: CR 467 | E123: 4 | F123: ARTERIAL | G123: INTERRUPTED | H123: 1 | I123: 35820 | J123: 1800 | K123: 4 | L123: 35820 | M123: 1800 | N123: Urban | O123: D | P123: COUNTY | Q123: Other CMP Network Roadway | R123: D | S123: 19,000 | T123: 0.53 | U123: C | V123: 0.01 | W123: 20,000 | X123: 0.56 | Y123: C
A124: 2110 | B124: CR 484 | C124: CR 467 | D124: SE 132 ST RD | E124: 4 | F124: ARTERIAL | G124: INTERRUPTED | H124: 1 | I124: 35820 | J124: 1800 | K124: 4 | L124: 35820 | M124: 1800 | N124: Urban | O124: D | P124: COUNTY | Q124: Other CMP Network Roadway | R124: D | S124: 17,900 | T124: 0.5 | U124: C | V124: 0.01 | W124: 18,800 | X124: 0.52 | Y124: C
A125: 2120.2 | B125: CR 484 | C125: SE 132 ST RD | D125: US 441 | E125: 2 | F125: COLLECTOR | G125: UNINTERRUPTED | I125: 29340 | J125: 1449 | K125: 2 | L125: 29340 | M125: 1449 | N125: Urban | O125: U | P125: COUNTY | Q125: Other CMP Network Roadway | R125: E | S125: 8,400 | T125: 0.29 | U125: B | V125: 0.01 | W125: 8,800 | X125: 0.30 | Y125: B
A126: 2150 | B126: E FORT KING ST | C126: NE 1 AV | D126: SE WATULA AVE | E126: 2 | F126: COLLECTOR | G126: INTERRUPTED | H126: 2 | I126: 11232 | J126: 576 | K126: 2 | L126: 11232 | M126: 576 | N126: Urban | O126: U | P126: COUNTY | Q126: Other CMP Network Roadway | R126: E | S126: Not Counted | T126: N/A | U126: N/A | V126: 0.01 | W126: Not Counted | X126: N/A | Y126: N/A
A127: 2160 | B127: E FORT KING ST | C127: SE WATULA AVE | D127: SE 11 AV | E127: 2 | F127: COLLECTOR | G127: INTERRUPTED | H127: 2 | I127: 11232 | J127: 576 | K127: 2 | L127: 11232 | M127: 576 | N127: Urban | O127: U | P127: COUNTY | Q127: Other CMP Network Roadway | R127: E | S127: 6,000 | T127: 0.53 | U127: D | V127: 0.0141 | W127: 6,400 | X127: 0.57 | Y127: D
A128: 2170 | B128: E FORT KING ST | C128: SE 11 AV | D128: SE 16 AV | E128: 2 | F128: COLLECTOR | G128: INTERRUPTED | H128: 2 | I128: 11232 | J128: 576 | K128: 2 | L128: 11232 | M128: 576 | N128: Urban | O128: U | P128: COUNTY | Q128: Other CMP Network Roadway | R128: E | S128: 5,800 | T128: 0.52 | U128: D | V128: 0.01 | W128: 6,100 | X128: 0.54 | Y128: D
A129: 2180 | B129: E FORT KING ST | C129: SE 16 AV | D129: SE 22 AV | E129: 2 | F129: COLLECTOR | G129: INTERRUPTED | H129: 2 | I129: 14742 | J129: 756 | K129: 2 | L129: 14742 | M129: 756 | N129: Urban | O129: D | P129: COUNTY | Q129: Other CMP Network Roadway | R129: E | S129: 7,700 | T129: 0.52 | U129: D | V129: 0.01 | W129: 8,100 | X129: 0.55 | Y129: D
A130: 2190 | B130: E FORT KING ST | C130: SE 22 AV | D130: SW 25 AV | E130: 2 | F130: COLLECTOR | G130: INTERRUPTED | H130: 2 | I130: 14742 | J130: 756 | K130: 2 | L130: 14742 | M130: 756 | N130: Urban | O130: D | P130: COUNTY | Q130: Other CMP Network Roadway | R130: E | S130: 6,800 | T130: 0.46 | U130: C | V130: 0.01 | W130: 7,100 | X130: 0.48 | Y130: D
A131: 2200 | B131: E FORT KING ST | C131: SW 25 AV | D131: SE 30TH AVE | E131: 2 | F131: COLLECTOR | G131: INTERRUPTED | H131: 2 | I131: 14742 | J131: 756 | K131: 2 | L131: 14742 | M131: 756 | N131: Urban | O131: D | P131: COUNTY | Q131: Other CMP Network Roadway | R131: E | S131: 7,800 | T131: 0.53 | U131: D | V131: 0.01 | W131: 8,200 | X131: 0.56 | Y131: D
A132: 2210.4 | B132: E FORT KING ST | C132: SE 30TH AVE | D132: SE 36 AV | E132: 2 | F132: COLLECTOR | G132: INTERRUPTED | H132: 1 | I132: 16727 | J132: 832 | K132: 2 | L132: 16727 | M132: 832 | N132: Urban | O132: D | P132: COUNTY | Q132: Other CMP Network Roadway | R132: E | S132: 8,000 | T132: 0.48 | U132: C | V132: 0.0377 | W132: 9,600 | X132: 0.57 | Y132: C
A133: 2220 | B133: E FORT KING ST | C133: SE 36 AV | D133: SR 35 | E133: 2 | F133: COLLECTOR | G133: INTERRUPTED | H133: 1 | I133: 12744 | J133: 634 | K133: 2 | L133: 12744 | M133: 634 | N133: Urban | O133: U | P133: COUNTY | Q133: Other CMP Network Roadway | R133: E | S133: 7,800 | T133: 0.61 | U133: C | V133: 0.01 | W133: 8,200 | X133: 0.64 | Y133: C
...

Sheet Input
L6: Exiting | O6: Improved | R6: =$AA$2&" Existing Conditions" -> Existing Conditions | AJ6: Daily/2way/Directional per Agency
B7: Seg | C7: Segment Information | F7: Exist | G7: Imp | H7: LOS | I7: Functional | J7: Facility | K7: Context | L7: Daily | M7: 2-Way | N7: Dir | O7: Daily | P7: Peak | Q7: Dir | R7: Daily | U7: AM 2-Way | X7: PM 2-Way | AA7: AM Directional | AE7: PM Directional | AI7: GR | AJ7: Adjusted Service Volumes
B8: ID | C8: Roadway | D8: From | E8: To | F8: Lns | G8: Lns | H8: Std | I8: Class | J8: Type | K8: Classification | L8: Cap | M8: Cap | N8: Cap | O8: Cap | P8: Cap | Q8: Cap | R8: Volume | S8: V/C | T8: LOS | U8: Vol | V8: V/C | W8: LOS | X8: Vol | Y8: V/C | Z8: LOS | AA8: NB/EB | AB8: SB/WB | AC8: V/C | AD8: LOS | AE8: NB/EB | AF8: SB/WB | AG8: V/C | AH8: LOS | AJ8: B | AK8: C | AL8: D | AM8: E
B9: ='Table001 (Page 1-6)'!A2 -> 1010 | C9: ='Table001 (Page 1-6)'!B2 -> SE 92 PLACE LOOP | D9: ='Table001 (Page 1-6)'!C2 -> SR 35 | E9: ='Table001 (Page 1-6)'!D2 -> US 441 | F9: ='Table001 (Page 1-6)'!E2 -> 4 | G9: ='Table001 (Page 1-6)'!K2 -> 4 | H9: ='Table001 (Page 1-6)'!R2 -> E | I9: ='Table001 (Page 1-6)'!F2 -> ARTERIAL | L9: ='Table001 (Page 1-6)'!I2 -> 67770 | N9: ='Table001 (Page 1-6)'!J2 -> 3357 | O9: ='Table001 (Page 1-6)'!L2 -> 67770 | Q9: ='Table001 (Page 1-6)'!M2 -> 3357 | R9: ='Table001 (Page 1-6)'!S2 -> 12,400 | S9: ='Table001 (Page 1-6)'!T2 -> 0.18 | T9: ='Table001 (Page 1-6)'!U2 -> B | AI9: =('Table001 (Page 1-6)'!V2)*100 -> 1
B10: ='Table001 (Page 1-6)'!A3 -> 1020 | C10: ='Table001 (Page 1-6)'!B3 -> CR 21 | D10: ='Table001 (Page 1-6)'!C3 -> CR 315 | E10: ='Table001 (Page 1-6)'!D3 -> COUNTY LINE | F10: ='Table001 (Page 1-6)'!E3 -> 2 | G10: ='Table001 (Page 1-6)'!K3 -> 2 | H10: ='Table001 (Page 1-6)'!R3 -> D | I10: ='Table001 (Page 1-6)'!F3 -> COLLECTOR | L10: ='Table001 (Page 1-6)'!I3 -> 19170 | N10: ='Table001 (Page 1-6)'!J3 -> 999 | O10: ='Table001 (Page 1-6)'!L3 -> 19170 | Q10: ='Table001 (Page 1-6)'!M3 -> 999 | R10: ='Table001 (Page 1-6)'!S3 -> Not Counted | S10: ='Table001 (Page 1-6)'!T3 -> N/A | T10: ='Table001 (Page 1-6)'!U3 -> N/A | AI10: =('Table001 (Page 1-6)'!V3)*100 -> 1
B11: ='Table001 (Page 1-6)'!A4 -> 1030.1 | C11: ='Table001 (Page 1-6)'!B4 -> CR 225 | D11: ='Table001 (Page 1-6)'!C4 -> US 27 | E11: ='Table001 (Page 1-6)'!D4 -> CR 326 | F11: ='Table001 (Page 1-6)'!E4 -> 2 | G11: ='Table001 (Page 1-6)'!K4 -> 2 | H11: ='Table001 (Page 1-6)'!R4 -> B | I11: ='Table001 (Page 1-6)'!F4 -> COLLECTOR | L11: ='Table001 (Page 1-6)'!I4 -> 9270 | N11: ='Table001 (Page 1-6)'!J4 -> 486 | O11: ='Table001 (Page 1-6)'!L4 -> 9270 | Q11: ='Table001 (Page 1-6)'!M4 -> 486 | R11: ='Table001 (Page 1-6)'!S4 -> 1,500 | S11: ='Table001 (Page 1-6)'!T4 -> 0.16 | T11: ='Table001 (Page 1-6)'!U4 -> B | AI11: =('Table001 (Page 1-6)'!V4)*100 -> 5.27
B12: ='Table001 (Page 1-6)'!A5 -> 1030.4 | C12: ='Table001 (Page 1-6)'!B5 -> CR 225 | D12: ='Table001 (Page 1-6)'!C5 -> CR 326 | E12: ='Table001 (Page 1-6)'!D5 -> CR 316 | F12: ='Table001 (Page 1-6)'!E5 -> 2 | G12: ='Table001 (Page 1-6)'!K5 -> 2 | H12: ='Table001 (Page 1-6)'!R5 -> B | I12: ='Table001 (Page 1-6)'!F5 -> COLLECTOR | L12: ='Table001 (Page 1-6)'!I5 -> 9270 | N12: ='Table001 (Page 1-6)'!J5 -> 486 | O12: ='Table001 (Page 1-6)'!L5 -> 9270 | Q12: ='Table001 (Page 1-6)'!M5 -> 486 | R12: ='Table001 (Page 1-6)'!S5 -> 1,500 | S12: ='Table001 (Page 1-6)'!T5 -> 0.16 | T12: ='Table001 (Page 1-6)'!U5 -> B | AI12: =('Table001 (Page 1-6)'!V5)*100 -> 5.27
B13: ='Table001 (Page 1-6)'!A6 -> 1040.1 | C13: ='Table001 (Page 1-6)'!B6 -> CR 225 | D13: ='Table001 (Page 1-6)'!C6 -> CR 316 | E13: ='Table001 (Page 1-6)'!D6 -> CR 318 | F13: ='Table001 (Page 1-6)'!E6 -> 2 | G13: ='Table001 (Page 1-6)'!K6 -> 2 | H13: ='Table001 (Page 1-6)'!R6 -> B | I13: ='Table001 (Page 1-6)'!F6 -> COLLECTOR | L13: ='Table001 (Page 1-6)'!I6 -> 9270 | N13: ='Table001 (Page 1-6)'!J6 -> 486 | O13: ='Table001 (Page 1-6)'!L6 -> 9270 | Q13: ='Table001 (Page 1-6)'!M6 -> 486 | R13: ='Table001 (Page 1-6)'!S6 -> 1,500 | S13: ='Table001 (Page 1-6)'!T6 -> 0.16 | T13: ='Table001 (Page 1-6)'!U6 -> B | AI13: =('Table001 (Page 1-6)'!V6)*100 -> 5.27
B14: ='Table001 (Page 1-6)'!A7 -> 1050 | C14: ='Table001 (Page 1-6)'!B7 -> CR 225A | D14: ='Table001 (Page 1-6)'!C7 -> US 27 | E14: ='Table001 (Page 1-6)'!D7 -> CR 326 | F14: ='Table001 (Page 1-6)'!E7 -> 2 | G14: ='Table001 (Page 1-6)'!K7 -> 2 | H14: ='Table001 (Page 1-6)'!R7 -> D | I14: ='Table001 (Page 1-6)'!F7 -> COLLECTOR | L14: ='Table001 (Page 1-6)'!I7 -> 10224 | N14: ='Table001 (Page 1-6)'!J7 -> 533 | O14: ='Table001 (Page 1-6)'!L7 -> 10224 | Q14: ='Table001 (Page 1-6)'!M7 -> 533 | R14: ='Table001 (Page 1-6)'!S7 -> 7,100 | S14: ='Table001 (Page 1-6)'!T7 -> 0.69 | T14: ='Table001 (Page 1-6)'!U7 -> C | AI14: =('Table001 (Page 1-6)'!V7)*100 -> 1
B15: ='Table001 (Page 1-6)'!A8 -> 1060 | C15: ='Table001 (Page 1-6)'!B8 -> CR 225A | D15: ='Table001 (Page 1-6)'!C8 -> CR 326 | E15: ='Table001 (Page 1-6)'!D8 -> CR 329 | F15: ='Table001 (Page 1-6)'!E8 -> 2 | G15: ='Table001 (Page 1-6)'!K8 -> 2 | H15: ='Table001 (Page 1-6)'!R8 -> B | I15: ='Table001 (Page 1-6)'!F8 -> COLLECTOR | L15: ='Table001 (Page 1-6)'!I8 -> 9270 | N15: ='Table001 (Page 1-6)'!J8 -> 486 | O15: ='Table001 (Page 1-6)'!L8 -> 9270 | Q15: ='Table001 (Page 1-6)'!M8 -> 486 | R15: ='Table001 (Page 1-6)'!S8 -> 3,100 | S15: ='Table001 (Page 1-6)'!T8 -> 0.33 | T15: ='Table001 (Page 1-6)'!U8 -> B | AI15: =('Table001 (Page 1-6)'!V8)*100 -> 1
B16: ='Table001 (Page 1-6)'!A9 -> 1070 | C16: ='Table001 (Page 1-6)'!B9 -> CR 25 | D16: ='Table001 (Page 1-6)'!C9 -> COUNTY LINE | E16: ='Table001 (Page 1-6)'!D9 -> CR 42 | F16: ='Table001 (Page 1-6)'!E9 -> 2 | G16: ='Table001 (Page 1-6)'!K9 -> 2 | H16: ='Table001 (Page 1-6)'!R9 -> E | I16: ='Table001 (Page 1-6)'!F9 -> COLLECTOR | L16: ='Table001 (Page 1-6)'!I9 -> 12744 | N16: ='Table001 (Page 1-6)'!J9 -> 634 | O16: ='Table001 (Page 1-6)'!L9 -> 12744 | Q16: ='Table001 (Page 1-6)'!M9 -> 634 | R16: ='Table001 (Page 1-6)'!S9 -> 11,300 | S16: ='Table001 (Page 1-6)'!T9 -> 0.89 | T16: ='Table001 (Page 1-6)'!U9 -> C | AI16: =('Table001 (Page 1-6)'!V9)*100 -> 1.11
B17: ='Table001 (Page 1-6)'!A10 -> 1080.1 | C17: ='Table001 (Page 1-6)'!B10 -> CR 25 | D17: ='Table001 (Page 1-6)'!C10 -> CR 42 | E17: ='Table001 (Page 1-6)'!D10 -> SE 128 PL RD | F17: ='Table001 (Page 1-6)'!E10 -> 2 | G17: ='Table001 (Page 1-6)'!K10 -> 2 | H17: ='Table001 (Page 1-6)'!R10 -> E | I17: ='Table001 (Page 1-6)'!F10 -> COLLECTOR | L17: ='Table001 (Page 1-6)'!I10 -> 29340 | N17: ='Table001 (Page 1-6)'!J10 -> 1449 | O17: ='Table001 (Page 1-6)'!L10 -> 29340 | Q17: ='Table001 (Page 1-6)'!M10 -> 1449 | R17: ='Table001 (Page 1-6)'!S10 -> 7,800 | S17: ='Table001 (Page 1-6)'!T10 -> 0.27 | T17: ='Table001 (Page 1-6)'!U10 -> B | AI17: =('Table001 (Page 1-6)'!V10)*100 -> 1
B18: ='Table001 (Page 1-6)'!A11 -> 1080.3 | C18: ='Table001 (Page 1-6)'!B11 -> CR 25 | D18: ='Table001 (Page 1-6)'!C11 -> SE 128 PL RD | E18: ='Table001 (Page 1-6)'!D11 -> SE 135 AV | F18: ='Table001 (Page 1-6)'!E11 -> 2 | G18: ='Table001 (Page 1-6)'!K11 -> 2 | H18: ='Table001 (Page 1-6)'!R11 -> E | I18: ='Table001 (Page 1-6)'!F11 -> COLLECTOR | L18: ='Table001 (Page 1-6)'!I11 -> 29340 | N18: ='Table001 (Page 1-6)'!J11 -> 1449 | O18: ='Table001 (Page 1-6)'!L11 -> 29340 | Q18: ='Table001 (Page 1-6)'!M11 -> 1449 | R18: ='Table001 (Page 1-6)'!S11 -> 7,800 | S18: ='Table001 (Page 1-6)'!T11 -> 0.27 | T18: ='Table001 (Page 1-6)'!U11 -> B | AI18: =('Table001 (Page 1-6)'!V11)*100 -> 1
B19: ='Table001 (Page 1-6)'!A12 -> 1090.1 | C19: ='Table001 (Page 1-6)'!B12 -> CR 25 | D19: ='Table001 (Page 1-6)'!C12 -> SE 135 AV | E19: ='Table001 (Page 1-6)'!D12 -> CR 464 | F19: ='Table001 (Page 1-6)'!E12 -> 2 | G19: ='Table001 (Page 1-6)'!K12 -> 2 | H19: ='Table001 (Page 1-6)'!R12 -> E | I19: ='Table001 (Page 1-6)'!F12 -> COLLECTOR | L19: ='Table001 (Page 1-6)'!I12 -> 29340 | N19: ='Table001 (Page 1-6)'!J12 -> 1449 | O19: ='Table001 (Page 1-6)'!L12 -> 29340 | Q19: ='Table001 (Page 1-6)'!M12 -> 1449 | R19: ='Table001 (Page 1-6)'!S12 -> 7,800 | S19: ='Table001 (Page 1-6)'!T12 -> 0.27 | T19: ='Table001 (Page 1-6)'!U12 -> B | AI19: =('Table001 (Page 1-6)'!V12)*100 -> 1
B20: ='Table001 (Page 1-6)'!A13 -> 1100.1 | C20: ='Table001 (Page 1-6)'!B13 -> CR 25 | D20: ='Table001 (Page 1-6)'!C13 -> CR 464 | E20: ='Table001 (Page 1-6)'!D13 -> SE 108 TER RD | F20: ='Table001 (Page 1-6)'!E13 -> 2 | G20: ='Table001 (Page 1-6)'!K13 -> 2 | H20: ='Table001 (Page 1-6)'!R13 -> E | I20: ='Table001 (Page 1-6)'!F13 -> COLLECTOR | L20: ='Table001 (Page 1-6)'!I13 -> 29340 | N20: ='Table001 (Page 1-6)'!J13 -> 1449 | O20: ='Table001 (Page 1-6)'!L13 -> 29340 | Q20: ='Table001 (Page 1-6)'!M13 -> 1449 | R20: ='Table001 (Page 1-6)'!S13 -> 6,100 | S20: ='Table001 (Page 1-6)'!T13 -> 0.21 | T20: ='Table001 (Page 1-6)'!U13 -> B | AI20: =('Table001 (Page 1-6)'!V13)*100 -> 1
... B562: ='Table001 (Page 1-6)'!A555 -> 9999 | C562: ='Table001 (Page 1-6)'!B555 -> SE 92 LOOP | D562: ='Table001 (Page 1-6)'!C555 -> CR 25 | E562: ='Table001 (Page 1-6)'!D555 -> SE 110 ST RD | F562: ='Table001 (Page 1-6)'!E555 -> 4 | G562: ='Table001 (Page 1-6)'!K555 -> 4 | H562: ='Table001 (Page 1-6)'!R555 -> E | I562: ='Table001 (Page 1-6)'!F555 -> COLLECTOR | L562: ='Table001 (Page 1-6)'!I555 -> 35820 | N562: ='Table001 (Page 1-6)'!J555 -> 792 | O562: ='Table001 (Page 1-6)'!L555 -> 35820 | Q562: ='Table001 (Page 1-6)'!M555 -> 1800 | R562: ='Table001 (Page 1-6)'!S555 -> Not Counted | S562: ='Table001 (Page 1-6)'!T555 -> N/A | T562: ='Table001 (Page 1-6)'!U555 -> N/A | AI562: =('Table001 (Page 1-6)'!V555)*100 -> 1

Sheet Sheet1
