Workbook

Sheet Table 1
A1: Road Name | B1: From | C1: To | D1: Context Classification | E1: Generalized Service Capacity | F1: 2023 AADT | G1: 2023 PK HOUR DIRECTIONAL VOL | H1: 2023 GENERALIZED LOS | I1: Avg Annual G.R
A2: Baker Rd | B2: SR-5 | C2: Green River Pkwy | D2: C3R | E2: 1165 | F2: 5610 | G2: 246 | H2: C | I2: 0.012
A3: Berry Ave | B3: Golden Bear Wy | C3: CR-714 | D3: C3R | E3: 890 | F3: 3620 | G3: 193 | H3: C | I3: 0.009
A4: Berry Ave | B4: CR-714 | C4: Sunset Tr | D4: C3R | E4: 890 | F4: 2149 | G4: 104 | H4: C | I4: 0.044
A5: Britt Rd | B5: Pine Lake Dr | C5: SR-5 | D5: C3C | E5: 1125 | F5: 4492 | G5: 204 | H5: C | I5: 0.005
A6: Newfield Pkwy | B6: SR-714 (Martin Hwy) | C6: Port St. Lucie Blvd. | D6: C2 | E6: 730 | F6: 5815 | G6: 507 | H6: D | I6: 0.019
A7: Commerce Ave | B7: Salerno Rd | C7: Monroe St | D7: C3C | E7: 855 | F7: 6257 | G7: 297 | H7: TCEA | I7: 0.005
A8: Commerce Ave | B8: Monroe St | C8: Indian St | D8: C3C | E8: 855 | F8: 6777 | G8: 359 | H8: C | I8: 0.005
A9: Country Club Dr | B9: Palm Beach County | C9: Island Way | D9: C3R | E9: 890 | F9: 3016 | G9: 131 | H9: C | I9: 0.016
A10: Country Club Dr | B10: Island Way | C10: Little Club Dr | D10: C3R | E10: 890 | F10: 3692 | G10: 156 | H10: C | I10: 0.013
A11: County Line Rd | B11: Little Club Dr | C11: SR-5 | D11: C3R | E11: 890 | F11: 2525 | G11: 127 | H11: C | I11: 0.005
A12: Cove Rd | B12: SR-76 | C12: Willoughby Blvd | D12: C3R | E12: 1165 | F12: 14459 | G12: 878 | H12: C | I12: 0.011
A13: Cove Rd | B13: Willoughby Blvd | C13: SR-5 | D13: C3R | E13: 1165 | F13: 16452 | G13: 779 | H13: C | I13: 0.016
... A173: Wright Blvd | B173: SR-5 | C173: Dixie Highway | D173: C4 | E173: 915 | F173: 10602 | G173: 525 | H173: D | I173: 0.005

Sheet Sheet1

Sheet Input
C6: Segment Information | L6: Exiting | O6: Improved | R6: =$AB$6&" Existing Conditions" -> Existing Conditions | AJ6: Daily/2way/Directional per Agency
B7: Seg | F7: Exist | G7: Imp | H7: LOS | I7: Functoinal | J7: Facility | K7: Context | L7: Daily | M7: 2-Way | N7: Dir | O7: Daily | P7: Peak | Q7: Dir | R7: Daily | U7: AM 2-Way | X7: PM 2-Way | AA7: AM Directional | AE7: PM Directional | AI7: GR | AJ7: Adjusted Service Volumes
B8: ID | C8: Roadway | D8: From | E8: To | F8: Lns | G8: Lns | H8: Std | I8: Classification | J8: Type | K8: Classification | L8: Cap | M8: Cap | N8: Cap | O8: Cap | P8: Cap | Q8: Cap | R8: Volume | S8: V/C | T8: LOS | U8: Vol | V8: V/C | W8: LOS | X8: Vol | Y8: V/C | Z8: LOS | AA8: NB/EB | AB8: SB/WB | AC8: V/C | AD8: LOS | AE8: NB/EB | AF8: SB/WB | AG8: V/C | AH8: LOS | AJ8: B | AK8: C | AL8: D | AM8: E
B9: =LEFT(C9,4) & "_" & LEFT(D9,4) & "_" & LEFT(E9,4) -> Bake_SR-5_Gree | C9: ='Table 1'!A2 -> Baker Rd | D9: ='Table 1'!B2 -> SR-5 | E9: ='Table 1'!C2 -> Green River Pkwy | K9: ='Table 1'!D2 -> C3R | N9: ='Table 1'!E2 -> 1165 | R9: ='Table 1'!F2 -> 5610 | T9: ='Table 1'!H2 -> C | AE9: ='Table 1'!G2 -> 246 | AI9: ='Table 1'!I2*100 -> 1.2
B10: =LEFT(C10,4) & "_" & LEFT(D10,4) & "_" & LEFT(E10,4) -> Berr_Gold_CR-7 | C10: ='Table 1'!A3 -> Berry Ave | D10: ='Table 1'!B3 -> Golden Bear Wy | E10: ='Table 1'!C3 -> CR-714 | K10: ='Table 1'!D3 -> C3R | N10: ='Table 1'!E3 -> 890 | R10: ='Table 1'!F3 -> 3620 | T10: ='Table 1'!H3 -> C | AE10: ='Table 1'!G3 -> 193 | AI10: ='Table 1'!I3*100 -> 0.9
B11: =LEFT(C11,4) & "_" & LEFT(D11,4) & "_" & LEFT(E11,4) -> Berr_CR-7_Suns | C11: ='Table 1'!A4 -> Berry Ave | D11: ='Table 1'!B4 -> CR-714 | E11: ='Table 1'!C4 -> Sunset Tr | K11: ='Table 1'!D4 -> C3R | N11: ='Table 1'!E4 -> 890 | R11: ='Table 1'!F4 -> 2149 | T11: ='Table 1'!H4 -> C | AE11: ='Table 1'!G4 -> 104 | AI11: ='Table 1'!I4*100 -> 4.4
B12: =LEFT(C12,4) & "_" & LEFT(D12,4) & "_" & LEFT(E12,4) -> Brit_Pine_SR-5 | C12: ='Table 1'!A5 -> Britt Rd | D12: ='Table 1'!B5 -> Pine Lake Dr | E12: ='Table 1'!C5 -> SR-5 | K12: ='Table 1'!D5 -> C3C | N12: ='Table 1'!E5 -> 1125 | R12: ='Table 1'!F5 -> 4492 | T12: ='Table 1'!H5 -> C | AE12: ='Table 1'!G5 -> 204 | AI12: ='Table 1'!I5*100 -> 0.5
B13: =LEFT(C13,4) & "_" & LEFT(D13,4) & "_" & LEFT(E13,4) -> Newf_SR-7_Port | C13: ='Table 1'!A6 -> Newfield Pkwy | D13: ='Table 1'!B6 -> SR-714 (Martin Hwy) | E13: ='Table 1'!C6 -> Port St. Lucie Blvd. | K13: ='Table 1'!D6 -> C2 | N13: ='Table 1'!E6 -> 730 | R13: ='Table 1'!F6 -> 5815 | T13: ='Table 1'!H6 -> D | AE13: ='Table 1'!G6 -> 507 | AI13: ='Table 1'!I6*100 -> 1.9
B14: =LEFT(C14,4) & "_" & LEFT(D14,4) & "_" & LEFT(E14,4) -> Comm_Sale_Monr | C14: ='Table 1'!A7 -> Commerce Ave | D14: ='Table 1'!B7 -> Salerno Rd | E14: ='Table 1'!C7 -> Monroe St | K14: ='Table 1'!D7 -> C3C | N14: ='Table 1'!E7 -> 855 | R14: ='Table 1'!F7 -> 6257 | T14: ='Table 1'!H7 -> TCEA | AE14: ='Table 1'!G7 -> 297 | AI14: ='Table 1'!I7*100 -> 0.5
B15: =LEFT(C15,4) & "_" & LEFT(D15,4) & "_" & LEFT(E15,4) -> Comm_Monr_Indi | C15: ='Table 1'!A8 -> Commerce Ave | D15: ='Table 1'!B8 -> Monroe St | E15: ='Table 1'!C8 -> Indian St | K15: ='Table 1'!D8 -> C3C | N15: ='Table 1'!E8 -> 855 | R15: ='Table 1'!F8 -> 6777 | T15: ='Table 1'!H8 -> C | AE15: ='Table 1'!G8 -> 359 | AI15: ='Table 1'!I8*100 -> 0.5
B16: =LEFT(C16,4) & "_" & LEFT(D16,4) & "_" & LEFT(E16,4) -> Coun_Palm_Isla | C16: ='Table 1'!A9 -> Country Club Dr | D16: ='Table 1'!B9 -> Palm Beach County | E16: ='Table 1'!C9 -> Island Way | K16: ='Table 1'!D9 -> C3R | N16: ='Table 1'!E9 -> 890 | R16: ='Table 1'!F9 -> 3016 | T16: ='Table 1'!H9 -> C | AE16: ='Table 1'!G9 -> 131 | AI16: ='Table 1'!I9*100 -> 1.6
B17: =LEFT(C17,4) & "_" & LEFT(D17,4) & "_" & LEFT(E17,4) -> Coun_Isla_Litt | C17: ='Table 1'!A10 -> Country Club Dr | D17: ='Table 1'!B10 -> Island Way | E17: ='Table 1'!C10 -> Little Club Dr | K17: ='Table 1'!D10 -> C3R | N17: ='Table 1'!E10 -> 890 | R17: ='Table 1'!F10 -> 3692 | T17: ='Table 1'!H10 -> C | AE17: ='Table 1'!G10 -> 156 | AI17: ='Table 1'!I10*100 -> 1.3
B18: =LEFT(C18,4) & "_" & LEFT(D18,4) & "_" & LEFT(E18,4) -> Coun_Litt_SR-5 | C18: ='Table 1'!A11 -> County Line Rd | D18: ='Table 1'!B11 -> Little Club Dr | E18: ='Table 1'!C11 -> SR-5 | K18: ='Table 1'!D11 -> C3R | N18: ='Table 1'!E11 -> 890 | R18: ='Table 1'!F11 -> 2525 | T18: ='Table 1'!H11 -> C | AE18: ='Table 1'!G11 -> 127 | AI18: ='Table 1'!I11*100 -> 0.5
B19: =LEFT(C19,4) & "_" & LEFT(D19,4) & "_" & LEFT(E19,4) -> Cove_SR-7_Will | C19: ='Table 1'!A12 -> Cove Rd | D19: ='Table 1'!B12 -> SR-76 | E19: ='Table 1'!C12 -> Willoughby Blvd | K19: ='Table 1'!D12 -> C3R | N19: ='Table 1'!E12 -> 1165 | R19: ='Table 1'!F12 -> 14459 | T19: ='Table 1'!H12 -> C | AE19: ='Table 1'!G12 -> 878 | AI19: ='Table 1'!I12*100 -> 1.1
B20: =LEFT(C20,4) & "_" & LEFT(D20,4) & "_" & LEFT(E20,4) -> Cove_Will_SR-5 | C20: ='Table 1'!A13 -> Cove Rd | D20: ='Table 1'!B13 -> Willoughby Blvd | E20: ='Table 1'!C13 -> SR-5 | K20: ='Table 1'!D13 -> C3R | N20: ='Table 1'!E13 -> 1165 | R20: ='Table 1'!F13 -> 16452 | T20: ='Table 1'!H13 -> C | AE20: ='Table 1'!G13 -> 779 | AI20: ='Table 1'!I13*100 -> 1.6
... B180: =LEFT(C180,4) & "_" & LEFT(D180,4) & "_" & LEFT(E180,4) -> Wrig_SR-5_Dixi | C180: ='Table 1'!A173 -> Wright Blvd | D180: ='Table 1'!B173 -> SR-5 | E180: ='Table 1'!C173 -> Dixie Highway | K180: ='Table 1'!D173 -> C4 | N180: ='Table 1'!E173 -> 915 | R180: ='Table 1'!F173 -> 10602 | T180: ='Table 1'!H173 -> D | AE180: ='Table 1'!G173 -> 525 | AI180: ='Table 1'!I173*100 -> 0.5
N181: ='Table 1'!E174 -> 0 | AE181: ='Table 1'!G174 -> 0 | AI181: ='Table 1'!I174*100 -> 0
N182: ='Table 1'!E175 -> 0 | AE182: ='Table 1'!G175 -> 0 | AI182: ='Table 1'!I175*100 -> 0
N183: ='Table 1'!E176 -> 0 | AE183: ='Table 1'!G176 -> 0 | AI183: ='Table 1'!I176*100 -> 0
N184: ='Table 1'!E177 -> 0 | AE184: ='Table 1'!G177 -> 0 | AI184: ='Table 1'!I177*100 -> 0
N185: ='Table 1'!E178 -> 0 | AE185: ='Table 1'!G178 -> 0 | AI185: ='Table 1'!I178*100 -> 0
N186: ='Table 1'!E179 -> 0 | AE186: ='Table 1'!G179 -> 0 | AI186: ='Table 1'!I179*100 -> 0
N187: ='Table 1'!E180 -> 0 | AE187: ='Table 1'!G180 -> 0 | AI187: ='Table 1'!I180*100 -> 0
N188: ='Table 1'!E181 -> 0 | AE188: ='Table 1'!G181 -> 0 | AI188: ='Table 1'!I181*100 -> 0
N189: ='Table 1'!E182 -> 0 | AE189: ='Table 1'!G182 -> 0 | AI189: ='Table 1'!I182*100 -> 0
N190: ='Table 1'!E183 -> 0 | AE190: ='Table 1'!G183 -> 0 | AI190: ='Table 1'!I183*100 -> 0
N191: ='Table 1'!E184 -> 0 | AE191: ='Table 1'!G184 -> 0 | AI191: ='Table 1'!I184*100 -> 0
N192: ='Table 1'!E185 -> 0 | AE192: ='Table 1'!G185 -> 0 | AI192: ='Table 1'!I185*100 -> 0
... N250: ='Table 1'!E243 -> 0 | AE250: ='Table 1'!G243 -> 0 | AI250: ='Table 1'!I243*100 -> 0
